,Date,Years,Month,resid,estimation
0,1901-01,1901.0,1.0,-0.5269364227198571,0.4398396485263086
1,1901-02,1901.0,2.0,-3.943471131634639,1.7041854173489246
2,1901-03,1901.0,3.0,-1.3808828827156923,5.1937861085221435
3,1901-04,1901.0,4.0,0.8996968690251421,8.970303130974857
4,1901-05,1901.0,5.0,0.3951379860173194,13.646797497853647
5,1901-06,1901.0,6.0,0.9822347863720893,16.944431880294577
6,1901-07,1901.0,7.0,0.3872325437245401,19.051477133694807
7,1901-08,1901.0,8.0,-0.5934846829677198,18.206387908774175
8,1901-09,1901.0,9.0,0.03579517753590444,15.037538155797428
9,1901-10,1901.0,10.0,-0.03319719533834764,9.375132679209313
10,1901-11,1901.0,11.0,-1.7626272244504193,4.7526272244504195
11,1901-12,1901.0,12.0,0.0010149179030396471,1.5893076627421219
12,1902-01,1902.0,1.0,0.7571210465104674,0.45255637284437134
13,1902-02,1902.0,2.0,-0.2901435260194345,1.7151435260194348
14,1902-03,1902.0,3.0,0.7145815567152844,5.204773281994393
15,1902-04,1902.0,4.0,2.3634970615239457,8.979836271809386
16,1902-05,1902.0,5.0,-3.540763663961739,13.650441083316577
17,1902-06,1902.0,6.0,-0.9194774086574249,16.952810741990756
18,1902-07,1902.0,7.0,0.728295194109247,19.062027386535913
19,1902-08,1902.0,8.0,-0.5179598360428308,18.217959836042834
20,1902-09,1902.0,9.0,-0.7469258431752213,15.043592509841885
21,1902-10,1902.0,10.0,-0.021086685203639988,9.392054427139124
22,1902-11,1902.0,11.0,-1.0612313270861389,4.764564660419472
23,1902-12,1902.0,12.0,-0.4709673532957206,1.599999611360237
24,1903-01,1903.0,1.0,0.6669849673536951,0.46527309716243404
25,1903-02,1903.0,2.0,1.3417555081671981,1.726101634689945
26,1903-03,1903.0,3.0,1.0777879316301302,5.215760455466643
27,1903-04,1903.0,4.0,-2.522702745977246,8.989369412643915
28,1903-05,1903.0,5.0,-0.40892337845693305,13.65408466877951
29,1903-06,1903.0,6.0,-1.6111896036869346,16.961189603686933
30,1903-07,1903.0,7.0,-0.9596744135705677,19.072577639377016
31,1903-08,1903.0,8.0,-0.10695111815020653,18.229531763311495
32,1903-09,1903.0,9.0,-0.0396468638863432,15.049646863886343
33,1903-10,1903.0,10.0,1.3458625346084858,9.408976175068933
34,1903-11,1903.0,11.0,0.4534979036114759,4.7765020963885245
35,1903-12,1903.0,12.0,-0.8139173664299649,1.6106915599783522
36,1904-01,1904.0,1.0,-0.4231511118030775,0.4779898214804968
37,1904-02,1904.0,2.0,1.6077678428464408,1.737059743360455
38,1904-03,1904.0,3.0,-0.3654573063582456,5.226747628938892
39,1904-04,1904.0,4.0,2.0710974465215557,8.998902553478443
40,1904-05,1904.0,5.0,1.0196911005962672,13.657728254242441
41,1904-06,1904.0,6.0,0.8237648679502243,16.969568465383112
42,1904-07,1904.0,7.0,2.742678559394779,19.083127892218123
43,1904-08,1904.0,8.0,1.8266382449037195,18.241103690580154
44,1904-09,1904.0,9.0,-1.759034551264131,15.0557012179308
45,1904-10,1904.0,10.0,0.3611988511948052,9.425897922998743
46,1904-11,1904.0,11.0,-0.8351061990242443,4.788439532357577
47,1904-12,1904.0,12.0,0.19797133011321,1.6213835085964676
48,1905-01,1905.0,1.0,-2.268125900637269,0.4907065457985593
49,1905-02,1905.0,2.0,-0.38016070917382194,1.748017852030965
50,1905-03,1905.0,3.0,1.5525877782340176,5.237734802411142
51,1905-04,1905.0,4.0,1.1415643056870266,9.008435694312972
52,1905-05,1905.0,5.0,-1.5323395816408532,13.661371839705371
53,1905-06,1905.0,6.0,0.848719339587376,16.97794732707929
54,1905-07,1905.0,7.0,2.89664443558593,19.093678145059226
55,1905-08,1905.0,8.0,0.3763566402156968,18.252675617848816
56,1905-09,1905.0,9.0,0.021577761358072323,15.061755571975258
57,1905-10,1905.0,10.0,-3.4041099935092003,9.442819670928552
58,1905-11,1905.0,11.0,-0.14371030165996324,4.8003769683266295
59,1905-12,1905.0,12.0,-0.39659158624684077,1.6320754572145828
60,1906-01,1906.0,1.0,1.4062541492382166,0.5034232701166224
61,1906-02,1906.0,2.0,-1.251833103558618,1.7589759607014752
62,1906-03,1906.0,3.0,-0.8842058468511338,5.248721975883392
63,1906-04,1906.0,4.0,-0.17463550181416743,9.017968835147501
64,1906-05,1906.0,5.0,-0.06178961871669131,13.665015425168303
65,1906-06,1906.0,6.0,0.26034047789119796,16.986326188775468
66,1906-07,1906.0,7.0,0.5667393440351525,19.104228397900332
67,1906-08,1906.0,8.0,1.713171809721235,18.264247545117478
68,1906-09,1906.0,9.0,-0.004476592686385672,15.067809926019716
69,1906-10,1906.0,10.0,2.1144521295287344,9.459741418858362
70,1906-11,1906.0,11.0,1.3276855957043194,4.812314404295682
71,1906-12,1906.0,12.0,-2.845993212284311,1.642767405832698
72,1907-01,1907.0,1.0,-0.30968838153145906,0.516139994434685
73,1907-02,1907.0,2.0,-2.8199340693719854,1.7699340693719856
74,1907-03,1907.0,3.0,-1.2661607622588673,5.259709149355641
75,1907-04,1907.0,4.0,-1.1541686426486981,9.02750197598203
76,1907-05,1907.0,5.0,-0.23317513966349246,13.668659010631233
77,1907-06,1907.0,6.0,-0.4780383838049822,16.994705050471644
78,1907-07,1907.0,7.0,-1.5309076829994943,19.114778650741435
79,1907-08,1907.0,8.0,0.9499869792267717,18.275819472386136
80,1907-09,1907.0,9.0,0.25946905326915903,15.073864280064173
81,1907-10,1907.0,10.0,0.9781755428892485,9.476663166788171
82,1907-11,1907.0,11.0,1.5257481597352633,4.8242518402647345
83,1907-12,1907.0,12.0,2.333637419742736,1.653459354450813
84,1908-01,1908.0,1.0,-2.1804696219785544,0.528856718752748
85,1908-02,1908.0,2.0,0.08462506333681485,1.7808921780424953
86,1908-03,1908.0,3.0,-0.6352124518601485,5.270696322827891
87,1908-04,1908.0,4.0,-1.593701783483227,9.03703511681656
88,1908-05,1908.0,5.0,1.5502780490671277,13.672302596094164
89,1908-06,1908.0,6.0,1.4802494211655137,17.00308391216782
90,1908-07,1908.0,7.0,-0.3027482584212535,19.125328903582542
91,1908-08,1908.0,8.0,-0.8390043028805998,18.287391399654798
92,1908-09,1908.0,9.0,-0.7632519674419651,15.079918634108632
93,1908-10,1908.0,10.0,0.1515763756045967,9.493584914717982
94,1908-11,1908.0,11.0,-1.192855942900453,4.836189276233787
95,1908-12,1908.0,12.0,-0.4415706579076375,1.6641513030689283
96,1909-01,1909.0,1.0,-1.7415734430708105,0.5415734430708103
97,1909-02,1909.0,2.0,-2.6097074295701486,1.7918502867130057
98,1909-03,1909.0,3.0,-2.513941560816269,5.28168349630014
99,1909-04,1909.0,4.0,1.2467650756822444,9.046568257651089
100,1909-05,1909.0,5.0,-0.3436881170409656,13.675946181557096
101,1909-06,1909.0,6.0,-1.8381294405306647,17.011462773864
102,1909-07,1909.0,7.0,-2.0616856080365444,19.135879156423645
103,1909-08,1909.0,8.0,-0.3892859075686239,18.298963326923456
104,1909-09,1909.0,9.0,-1.295972988153089,15.085972988153088
105,1909-10,1909.0,10.0,1.5056223696102702,9.51050666264779
106,1909-11,1909.0,11.0,-1.0914600455361723,4.848126712202839
107,1909-12,1909.0,12.0,2.5735438450871504,1.6748432516870437
108,1910-01,1910.0,1.0,1.5876453164820947,0.5542901673888732
109,1910-02,1910.0,2.0,1.6650487474736273,1.8028083953835157
110,1910-03,1910.0,3.0,-0.1797674439659387,5.29267066977239
111,1910-04,1910.0,4.0,-0.7061013984856164,9.056101398485618
112,1910-05,1910.0,5.0,-1.6215252508909934,13.679589767020026
113,1910-06,1910.0,6.0,0.21682503110649165,17.019841635560176
114,1910-07,1910.0,7.0,-2.107719731845396,19.14642940926475
115,1910-08,1910.0,8.0,-0.7363417058050175,18.310535254192118
116,1910-09,1910.0,9.0,-1.8520273421975446,15.092027342197547
117,1910-10,1910.0,10.0,1.1532167507127227,9.5274284105776
118,1910-11,1910.0,11.0,-0.18673081483855913,4.860064148171891
119,1910-12,1910.0,12.0,2.2015615738883896,1.685535200305159
120,1911-01,1911.0,1.0,-2.228297214287581,0.5670068917069362
121,1911-02,1911.0,2.0,0.6683763530888316,1.8137665040540256
122,1911-03,1911.0,3.0,0.04472925352955315,5.30365784324464
123,1911-04,1911.0,4.0,-0.5989678726534784,9.065634539320145
124,1911-05,1911.0,5.0,0.15225051848478444,13.683233352482958
125,1911-06,1911.0,6.0,-0.4048871639230214,17.028220497256356
126,1911-07,1911.0,7.0,2.7978590475715635,19.156979662105854
127,1911-08,1911.0,8.0,3.2327315282166396,18.32210718146078
128,1911-09,1911.0,9.0,1.8652516370913297,15.098081696242005
129,1911-10,1911.0,10.0,0.5104885511700097,9.54435015850741
130,1911-11,1911.0,11.0,2.2513317491923894,4.872001584140944
131,1911-12,1911.0,12.0,2.036030915592855,1.696227148923274
132,1912-01,1912.0,1.0,1.8170505775233883,0.5797236160249986
133,1912-02,1912.0,2.0,3.08906849072374,1.8247246127245358
134,1912-03,1912.0,3.0,2.2627743381218206,5.314645016716889
135,1912-04,1912.0,4.0,-0.47183434682134084,9.075167680154674
136,1912-05,1912.0,5.0,0.919574674957337,13.68687693794589
137,1912-06,1912.0,6.0,-0.1932660256191987,17.036599358952532
138,1912-07,1912.0,7.0,-0.9901105601082527,19.16752991494696
139,1912-08,1912.0,8.0,-2.7110984635681508,18.333679108729438
140,1912-09,1912.0,9.0,-4.547469383619795,15.104136050286462
141,1912-10,1912.0,10.0,-0.7064331967598001,9.56127190643722
142,1912-11,1912.0,11.0,-1.9339390201099964,4.883939020109996
143,1912-12,1912.0,12.0,0.06082283794248178,1.7069190975413893
144,1913-01,1913.0,1.0,2.6978822403021,0.5924403403430616
145,1913-02,1913.0,2.0,-0.010682721395045114,1.8356827213950457
146,1913-03,1913.0,3.0,1.7840452291657005,5.325632190189139
147,1913-04,1913.0,4.0,0.27196584567746207,9.084700820989204
148,1913-05,1913.0,5.0,-0.4711656846991463,13.69052052340882
149,1913-06,1913.0,6.0,-0.05164488731537631,17.044978220648712
150,1913-07,1913.0,7.0,-2.771628554884842,19.178080167788064
151,1913-08,1913.0,8.0,-0.6968639392239062,18.3452510359981
152,1913-09,1913.0,9.0,-0.8735237376642626,15.11019040433092
153,1913-10,1913.0,10.0,0.7669676359555524,9.578193654367029
154,1913-11,1913.0,11.0,2.8807902105876186,4.895876456079049
155,1913-12,1913.0,12.0,0.1985179860985602,1.7176110461595044
156,1914-01,1914.0,1.0,-3.3212860969191884,0.6051570646611242
157,1914-02,1914.0,2.0,0.8140734556487297,1.846640830065556
158,1914-03,1914.0,3.0,1.1214451524676452,5.336619363661388
159,1914-04,1914.0,4.0,1.9690993715096017,9.094233961823733
160,1914-05,1914.0,5.0,-1.5102931411298144,13.694164108871751
161,1914-06,1914.0,6.0,-1.016690415678223,17.05335708234489
162,1914-07,1914.0,7.0,-1.7789530012743278,19.188630420629167
163,1914-08,1914.0,8.0,-0.5374681245570869,18.35682296326676
164,1914-09,1914.0,9.0,-0.5662447583753778,15.116244758375377
165,1914-10,1914.0,10.0,-0.2789863700387727,9.59511540229684
166,1914-11,1914.0,11.0,-0.3678138920481029,4.907813892048101
167,1914-12,1914.0,12.0,2.8846002310288306,1.7283029947776196
168,1915-01,1915.0,1.0,1.2789004045692005,0.6178737889791868
169,1915-02,1915.0,2.0,-0.1325989387360662,1.857598938736066
170,1915-03,1915.0,3.0,-0.7088968597142831,5.347606537133638
171,1915-04,1915.0,4.0,-0.9004337693249305,9.103767102658262
172,1915-05,1915.0,5.0,2.115095531471768,13.697807694334683
173,1915-06,1915.0,6.0,1.5982640559589427,17.061735944041065
174,1915-07,1915.0,7.0,-0.6991806734702735,19.199180673470273
175,1915-08,1915.0,8.0,-0.9329110195676726,18.36839489053542
176,1915-09,1915.0,9.0,-1.8789657790864993,15.122299112419835
177,1915-10,1915.0,10.0,-1.5217145695814889,9.612037150226648
178,1915-11,1915.0,11.0,-1.6330846613504857,4.919751328017154
179,1915-12,1915.0,12.0,4.4932631211203935,1.7389949433957348
180,1916-01,1916.0,1.0,2.2952159383156534,0.6305905132972498
181,1916-02,1916.0,2.0,0.896960193972733,1.868557047406576
182,1916-03,1916.0,3.0,-0.2876259686704046,5.358593710605888
183,1916-04,1916.0,4.0,0.03003308984054165,9.113300243492791
184,1916-05,1916.0,5.0,0.6791938814927079,13.701451279797613
185,1916-06,1916.0,6.0,-2.0167814724039133,17.070114805737244
186,1916-07,1916.0,7.0,-1.1419889908275067,19.209730926311376
187,1916-08,1916.0,8.0,-0.3186764952234391,18.379966817804082
188,1916-09,1916.0,9.0,-2.2716867997976316,15.128353466464292
189,1916-10,1916.0,10.0,0.23555723087580027,9.628958898156458
190,1916-11,1916.0,11.0,0.33497790268046046,4.931688763986206
191,1916-12,1916.0,12.0,0.8470873015345364,1.7496868920138502
192,1917-01,1917.0,1.0,-1.4368556247120865,0.6433072376153123
193,1917-02,1917.0,2.0,-2.8688008703628007,1.879515156077086
194,1917-03,1917.0,3.0,-2.176032496981363,5.369580884078137
195,1917-04,1917.0,4.0,-2.4395000509939857,9.12283338432732
196,1917-05,1917.0,5.0,2.375550296029779,13.705094865260545
197,1917-06,1917.0,6.0,1.9215063325665867,17.07849366743342
198,1917-07,1917.0,7.0,-0.21705537270087305,19.220281179152483
199,1917-08,1917.0,8.0,-1.2270226160404825,18.39153874507274
200,1917-09,1917.0,9.0,1.5855921794912486,15.13440782050875
201,1917-10,1917.0,10.0,-1.4523322589894931,9.645880646086267
202,1917-11,1917.0,11.0,-0.3102928666219249,4.943626199955259
203,1917-12,1917.0,12.0,-3.882959485793256,1.7603788406319656
204,1918-01,1918.0,1.0,0.3181695864537216,0.6560239619333751
205,1918-02,1918.0,2.0,-0.026187550461882037,1.8904732647475964
206,1918-03,1918.0,3.0,-0.5870196704536133,5.380568057550387
207,1918-04,1918.0,4.0,-0.5490331918285136,9.132366525161848
208,1918-05,1918.0,5.0,1.4202938073410394,13.708738450723477
209,1918-06,1918.0,6.0,-1.640205862462933,17.0868725291296
210,1918-07,1918.0,7.0,-0.45986369005810346,19.230831431993586
211,1918-08,1918.0,8.0,0.2646312631424692,18.403110672341402
212,1918-09,1918.0,9.0,0.25620449211345786,15.140462174553209
213,1918-10,1918.0,10.0,-1.4886088456289794,9.662802394016078
214,1918-11,1918.0,11.0,0.3277696974090212,4.955563635924311
215,1918-12,1918.0,12.0,2.612800178491854,1.7710707892500803
216,1919-01,1919.0,1.0,0.8828722169743695,0.6687406862514378
217,1919-02,1919.0,2.0,0.04856862658189409,1.9014313734181063
218,1919-03,1919.0,3.0,0.03425122059026897,5.391555231022636
219,1919-04,1919.0,4.0,-2.661899665996377,9.141899665996377
220,1919-05,1919.0,5.0,-0.022059455541247885,13.712382036186407
221,1919-06,1919.0,6.0,0.5080819425075624,17.095251390825776
222,1919-07,1919.0,7.0,-2.960736523544373,19.241381684834693
223,1919-08,1919.0,8.0,2.3175754649060636,18.414682599610064
224,1919-09,1919.0,9.0,1.6134834714023363,15.146516528597665
225,1919-10,1919.0,10.0,-2.71520801291363,9.679724141945886
226,1919-11,1919.0,11.0,-1.4775010718933634,4.967501071893364
227,1919-12,1919.0,12.0,1.550495326647933,1.7817627378681957
228,1920-01,1920.0,1.0,3.134671621688565,0.6814574105695006
229,1920-02,1920.0,2.0,1.528989828256211,1.9123894820886165
230,1920-03,1920.0,3.0,1.6232640471180177,5.402542404494886
231,1920-04,1920.0,4.0,0.731900526502427,9.151432806830906
232,1920-05,1920.0,5.0,2.842038894479691,13.716025621649338
233,1920-06,1920.0,6.0,0.19970308081137844,17.103630252521956
234,1920-07,1920.0,7.0,-0.15193193767579416,19.251931937675796
235,1920-08,1920.0,8.0,-1.148835172040016,18.426254526878722
236,1920-09,1920.0,9.0,-0.13923754930879184,15.152570882642124
237,1920-10,1920.0,10.0,0.6323863681888167,9.696645889875697
238,1920-11,1920.0,11.0,-0.2994385078624173,4.979438507862416
239,1920-12,1920.0,12.0,0.2462549909330436,1.7924546864863111
240,1921-01,1921.0,1.0,3.3800194134995336,0.6941741348875632
241,1921-02,1921.0,2.0,0.08022383781230191,1.9233475907591266
242,1921-03,1921.0,3.0,1.1671155833231879,5.413529577967136
243,1921-04,1921.0,4.0,-0.710965947665434,9.160965947665435
244,1921-05,1921.0,5.0,0.9642017606296669,13.719669207112268
245,1921-06,1921.0,6.0,1.3846575524485338,17.112009114218132
246,1921-07,1921.0,7.0,2.7762274869024566,19.262482190516902
247,1921-08,1921.0,8.0,0.4395929006913306,18.437826454147384
248,1921-09,1921.0,9.0,1.2647080966467517,15.15862523668658
249,1921-10,1921.0,10.0,2.325142039613848,9.713567637805506
250,1921-11,1921.0,11.0,-1.9713759438314682,4.991375943831469
251,1921-12,1921.0,12.0,0.28395013908912237,1.8031466351044263
252,1922-01,1922.0,1.0,0.12859301176211602,0.706890859205626
253,1922-02,1922.0,2.0,0.6728371577132202,1.9343056994296366
254,1922-03,1922.0,3.0,0.5270961517864219,5.424516751439385
255,1922-04,1922.0,4.0,-1.463832421833299,9.170499088499964
256,1922-05,1922.0,5.0,2.431525917102217,13.7233127925752
257,1922-06,1922.0,6.0,0.9962786907523622,17.12038797591431
258,1922-07,1922.0,7.0,-1.489161475616072,19.273032443358005
259,1922-08,1922.0,8.0,-0.5590758007708807,18.449398381416042
260,1922-09,1922.0,9.0,-2.278012924064372,15.164679590731039
261,1922-10,1922.0,10.0,-1.262747450251446,9.730489385735316
262,1922-11,1922.0,11.0,-1.319980046467189,5.003313379800521
263,1922-12,1922.0,12.0,-0.088032132109638,1.8138385837225415
264,1923-01,1923.0,1.0,0.35781177131502084,0.7196075835236888
265,1923-02,1923.0,2.0,2.1940219061855695,1.9452638081001465
266,1923-03,1923.0,3.0,0.9032057525077208,5.435503924911635
267,1923-04,1923.0,4.0,0.17330110399883836,9.180032229334493
268,1923-05,1923.0,5.0,-0.3398596038445838,13.726956378038132
269,1923-06,1923.0,6.0,-2.675433504277157,17.12876683761049
270,1923-07,1923.0,7.0,2.422868916704118,19.28358269619911
271,1923-08,1923.0,8.0,1.5583845300249735,18.460970308684704
272,1923-09,1923.0,9.0,-0.41073394477550274,15.170733944775497
273,1923-10,1923.0,10.0,2.175169511496163,9.747411133665125
274,1923-11,1923.0,11.0,-0.32858414910290623,5.015250815769574
275,1923-12,1923.0,12.0,0.5464372095948278,1.8245305323406567
276,1924-01,1924.0,1.0,-0.1452275336482034,0.7323243078417515
277,1924-02,1924.0,2.0,-2.0976012271154847,1.956221916770657
278,1924-03,1924.0,3.0,0.030928256454824776,5.446491098383884
279,1924-04,1924.0,4.0,0.6671012964976448,9.18956537016902
280,1924-05,1924.0,5.0,1.4500451977892581,13.730599963501062
281,1924-06,1924.0,6.0,0.1728543006933343,17.137145699306664
282,1924-07,1924.0,7.0,-0.1747781103305357,19.294132949040215
283,1924-08,1924.0,8.0,-2.882219655308207,18.472542235953366
284,1924-09,1924.0,9.0,-0.2167882988199512,15.176788298819954
285,1924-10,1924.0,10.0,0.2679251829211946,9.764332881594935
286,1924-11,1924.0,11.0,0.7828117482613743,5.027188251738625
287,1924-12,1924.0,12.0,-0.19973860999102966,1.8352224809587718
288,1925-01,1925.0,1.0,1.7968944517111531,0.7450410321598142
289,1925-02,1925.0,2.0,2.382819974558832,1.9671800254411669
290,1925-03,1925.0,3.0,-2.0897363363722623,5.457478271856134
291,1925-04,1925.0,4.0,0.1609014889964513,9.19909851100355
292,1925-05,1925.0,5.0,-0.12456612960915336,13.734243548963994
293,1925-06,1925.0,6.0,1.0544754389971516,17.145524561002844
294,1925-07,1925.0,7.0,-0.762747718010349,19.304683201881318
295,1925-08,1925.0,8.0,-0.42604964709299864,18.484114163222024
296,1925-09,1925.0,9.0,-1.906175986197745,15.182842652864412
297,1925-10,1925.0,10.0,1.0542292414429983,9.781254629524744
298,1925-11,1925.0,11.0,-1.0957923543743449,5.039125687707678
299,1925-12,1925.0,12.0,0.6605371833263387,1.845914429576887
300,1926-01,1926.0,1.0,0.44224224352212316,0.757757756477877
301,1926-02,1926.0,2.0,3.8432904373168935,1.9781381341116768
302,1926-03,1926.0,3.0,0.6057281030587118,5.468465445328384
303,1926-04,1926.0,4.0,1.2213683481619189,9.208631651838079
304,1926-05,1926.0,5.0,-1.8282097150720915,13.737887134426925
305,1926-06,1926.0,6.0,-2.277236756032355,17.15390342269902
306,1926-07,1926.0,7.0,-0.6378140998837196,19.315233454722424
307,1926-08,1926.0,8.0,0.3204429417673822,18.495686090490686
308,1926-09,1926.0,9.0,2.067769659757799,15.188897006908869
309,1926-10,1926.0,10.0,1.3534365257712544,9.798176377454554
310,1926-11,1926.0,11.0,2.2456035429899366,5.05106312367673
311,1926-12,1926.0,12.0,-1.5791870233562926,1.8566063781950022
312,1927-01,1927.0,1.0,1.1262997127524474,0.7704744807959398
313,1927-02,1927.0,2.0,-0.10695338563932988,1.9890962427821872
314,1927-03,1927.0,3.0,0.9592570586187223,5.479452618800633
315,1927-04,1927.0,4.0,1.188501873994058,9.218164792672608
316,1927-05,1927.0,5.0,1.2875015381746593,13.741530719889855
317,1927-06,1927.0,6.0,0.10771771560480303,17.1622822843952
318,1927-07,1927.0,7.0,-0.20320306240224184,19.325783707563527
319,1927-08,1927.0,8.0,-0.9846773725980569,18.507258017759348
320,1927-09,1927.0,9.0,-0.3449513609533277,15.194951360953327
321,1927-10,1927.0,10.0,-0.3086465124811397,9.815098125384363
322,1927-11,1927.0,11.0,0.3069994403542182,5.063000559645783
323,1927-12,1927.0,12.0,0.17786296350946285,1.8672983268131176
324,1928-01,1928.0,1.0,1.9813249239182562,0.7831912051140024
325,1928-02,1928.0,2.0,1.7033939244093723,2.000054351452697
326,1928-03,1928.0,3.0,1.2805279496626003,5.490439792272883
327,1928-04,1928.0,4.0,-0.12436460017380391,9.227697933507137
328,1928-05,1928.0,5.0,-1.7225936601914995,13.745174305352787
329,1928-06,1928.0,6.0,0.712672187241953,17.170661146091376
330,1928-07,1928.0,7.0,3.80882732991795,19.336333960404634
331,1928-08,1928.0,8.0,2.5585894098107076,18.518829945028006
332,1928-09,1928.0,9.0,0.18899428500221127,15.201005714997786
333,1928-10,1928.0,10.0,-0.16750374428191428,9.832019873314174
334,1928-11,1928.0,11.0,1.781728671051833,5.074937995614835
335,1928-12,1928.0,12.0,-0.12637737220542644,1.8779902754312328
336,1929-01,1929.0,1.0,-3.2281659939481946,0.7959079294320652
337,1929-02,1929.0,2.0,-5.607441031551778,2.011012460123207
338,1929-03,1929.0,3.0,-0.5143301915515819,5.501426965745132
339,1929-04,1929.0,4.0,-1.423897741008334,9.237231074341667
340,1929-05,1929.0,5.0,0.4060208188616965,13.748817890815719
341,1929-06,1929.0,6.0,1.2309599922124477,17.179040007787552
342,1929-07,1929.0,7.0,0.9627932061091009,19.346884213245737
343,1929-08,1929.0,8.0,0.024436837380751086,18.530401872296668
344,1929-09,1929.0,9.0,2.496273264291087,15.207060069042242
345,1929-10,1929.0,10.0,1.0800906368205343,9.848941621243982
346,1929-11,1929.0,11.0,0.29645790174944775,5.086875431583888
347,1929-12,1929.0,12.0,2.988737130789362,1.8886822240493482
348,1930-01,1930.0,1.0,2.097826959153098,0.8086246537501283
349,1930-02,1930.0,2.0,0.23874371692056817,2.0219705687937175
350,1930-03,1930.0,3.0,1.1295213446535861,5.512414139217382
351,1930-04,1930.0,4.0,0.7432357848238027,9.246764215176196
352,1930-05,1930.0,5.0,-1.3202034117625203,13.752461476278649
353,1930-06,1930.0,6.0,2.5192477971829312,17.187418869483732
354,1930-07,1930.0,7.0,-1.0800151112481302,19.357434466086843
355,1930-08,1930.0,8.0,0.20318749075725506,18.541973799565326
356,1930-09,1930.0,9.0,1.0602189102466397,15.2131144230867
357,1930-10,1930.0,10.0,0.2018785663100786,9.865863369173793
358,1930-11,1930.0,11.0,2.7211871324470565,5.09881286755294
359,1930-12,1930.0,12.0,0.9715935692680209,1.8993741726674631
360,1931-01,1931.0,1.0,1.4754328154801966,0.8213413780681906
361,1931-02,1931.0,2.0,-0.7579286774642273,2.0329286774642275
362,1931-03,1931.0,3.0,-1.4266271191412452,5.523401312689632
363,1931-04,1931.0,4.0,-0.34963068934405506,9.256297356010723
364,1931-05,1931.0,5.0,1.8826046156777743,13.75610506174158
365,1931-06,1931.0,6.0,2.727535602153427,17.19579773117991
366,1931-07,1931.0,7.0,-0.8325008479602012,19.367984718927946
367,1931-08,1931.0,8.0,-1.7729005655436652,18.55354572683399
368,1931-09,1931.0,9.0,-3.712502110464488,15.219168777131157
369,1931-10,1931.0,10.0,-0.7602044719423127,9.882785117103602
370,1931-11,1931.0,11.0,1.819249696478006,5.110750303521993
371,1931-12,1931.0,12.0,-1.0584532180597712,1.910066121285578
372,1932-01,1932.0,1.0,0.6530386718072947,0.8340581023862534
373,1932-02,1932.0,2.0,-3.099059199927841,2.0438867861347374
374,1932-03,1932.0,3.0,-1.2763239700328484,5.534388486161881
375,1932-04,1932.0,4.0,-1.2891638301785866,9.265830496845252
376,1932-05,1932.0,5.0,-1.298458324623864,13.75974864720451
377,1932-06,1932.0,6.0,-0.5008432595427514,17.204176592876088
378,1932-07,1932.0,7.0,-1.2430511008013134,19.378534971769053
379,1932-08,1932.0,8.0,2.3123017007360573,18.56511765410265
380,1932-09,1932.0,9.0,2.948110202157716,15.225223131175616
381,1932-10,1932.0,10.0,0.929325393031105,9.899706865033412
382,1932-11,1932.0,11.0,0.9073122605089541,5.122687739491045
383,1932-12,1932.0,12.0,0.0598870913866294,1.9207580699036937
384,1933-01,1933.0,1.0,-2.1112909557365747,0.8467748267043165
385,1933-02,1933.0,2.0,0.48801224805189447,2.054844894805248
386,1933-03,1933.0,3.0,0.4288178887529659,5.545375659634131
387,1933-04,1933.0,4.0,1.4913030289868825,9.275363637679781
388,1933-05,1933.0,5.0,-0.7343599746029277,13.763392232667442
389,1933-06,1933.0,6.0,-2.1492221212389317,17.212555454572264
390,1933-07,1933.0,7.0,1.1528502592608092,19.389085224610156
391,1933-08,1933.0,8.0,1.7039555799190111,18.57668958137131
392,1933-09,1933.0,9.0,0.9020558481132621,15.231277485220074
393,1933-10,1933.0,10.0,0.7059520321980646,9.91662861296322
394,1933-11,1933.0,11.0,-0.7712918421267645,5.134625175460098
395,1933-12,1933.0,12.0,-3.8088693733605186,1.9314500185218089
396,1934-01,1934.0,1.0,0.2017987715582663,0.8594915510223788
397,1934-02,1934.0,2.0,-0.8336601463329005,2.0658030034757577
398,1934-03,1934.0,3.0,-0.02733057504186398,5.55636283310638
399,1934-04,1934.0,4.0,1.8617698881523541,9.28489677851431
400,1934-05,1934.0,5.0,2.0232867625147897,13.767035818130374
401,1934-06,1934.0,6.0,0.9690656837315537,17.220934316268444
402,1934-07,1934.0,7.0,1.3648806515809966,19.399635477451262
403,1934-08,1934.0,8.0,-0.7979389279948101,18.58826150863997
404,1934-09,1934.0,9.0,1.4060014940688,15.237331839264531
405,1934-10,1934.0,10.0,0.28903028426825905,9.933550360893031
406,1934-11,1934.0,11.0,-1.0565626114291504,5.14656261142915
407,1934-12,1934.0,12.0,3.380438678021367,1.942141967139924
408,1935-01,1935.0,1.0,-1.1334985979210868,0.8722082753404417
409,1935-02,1935.0,2.0,1.8375246021394456,2.0767611121462677
410,1935-03,1935.0,3.0,-0.5738016194818565,5.56735000657863
411,1935-04,1935.0,4.0,-0.23776325268217313,9.29442991934884
412,1935-05,1935.0,5.0,-1.1222923068191122,13.770679403593304
413,1935-06,1935.0,6.0,1.9306868220353834,17.22931317796462
414,1935-07,1935.0,7.0,1.7027174955140865,19.410185730292365
415,1935-08,1935.0,8.0,-0.5095108552634677,18.59983343590863
416,1935-09,1935.0,9.0,0.93328047335768,15.24338619330899
417,1935-10,1935.0,10.0,0.47533434279006315,9.95047210882284
418,1935-11,1935.0,11.0,1.2381666192684628,5.158500047398203
419,1935-12,1935.0,12.0,-0.43993068995158735,1.9528339157580392
420,1936-01,1936.0,1.0,4.450558871309238,0.8849249996585042
421,1936-02,1936.0,2.0,0.7019359515970152,2.087719220816778
422,1936-03,1936.0,3.0,1.4410176586587973,5.57833718005088
423,1936-04,1936.0,4.0,-0.6406297268500349,9.303963060183369
424,1936-05,1936.0,5.0,0.8547092690082785,13.774322989056236
425,1936-06,1936.0,6.0,-0.0810253729941266,17.237692039660796
426,1936-07,1936.0,7.0,-1.294929531520566,19.420735983133472
427,1936-08,1936.0,8.0,-0.15656665349987264,18.61140536317729
428,1936-09,1936.0,9.0,0.3105594526465527,15.249440547353446
429,1936-10,1936.0,10.0,-2.664168050301038,9.96739385675265
430,1936-11,1936.0,11.0,0.7728958499660781,5.170437483367255
431,1936-12,1936.0,12.0,0.6235709098173938,1.9635258643761544
432,1937-01,1937.0,1.0,1.992680856668594,0.897641723976567
433,1937-02,1937.0,2.0,3.347751241941283,2.098677329487288
434,1937-03,1937.0,3.0,-1.2151308051360328,5.589324353523129
435,1937-04,1937.0,4.0,0.34650379898210204,9.313496201017898
436,1937-05,1937.0,5.0,1.5284850383840567,13.777966574519168
437,1937-06,1937.0,6.0,1.2672624319763557,17.246070901356976
438,1937-07,1937.0,7.0,1.0558105382189744,19.431286235974575
439,1937-08,1937.0,8.0,0.8286356127798555,18.622977290445952
440,1937-09,1937.0,9.0,-0.37549490139790365,15.255494901397904
441,1937-10,1937.0,10.0,0.4221360082207646,9.98431560468246
442,1937-11,1937.0,11.0,-0.11237491933630839,5.182374919336308
443,1937-12,1937.0,12.0,-0.8322823291233017,1.9742178129942696
444,1938-01,1938.0,1.0,1.6767383258989188,0.9103584482946299
445,1938-02,1938.0,2.0,-0.7596354381577977,2.109635438157798
446,1938-03,1938.0,3.0,2.235172343972363,5.600311526995379
447,1938-04,1938.0,4.0,-1.5796960085190923,9.323029341852425
448,1938-05,1938.0,5.0,-1.3203198374014526,13.781610159982097
449,1938-06,1938.0,6.0,1.2255502369468516,17.254449763053152
450,1938-07,1938.0,7.0,-0.7579655210737322,19.441836488815678
451,1938-08,1938.0,8.0,-0.10229115319848603,18.63454921771461
452,1938-09,1938.0,9.0,0.4817840778909712,15.261549255442361
453,1938-10,1938.0,10.0,0.5858594215812811,10.00123735261227
454,1938-11,1938.0,11.0,2.0223543113613065,5.19431235530536
455,1938-12,1938.0,12.0,-1.8139420196769016,1.9849097616123847
456,1939-01,1939.0,1.0,2.4543441822260164,0.9230751726126929
457,1939-02,1939.0,2.0,0.3365493103145485,2.1205935468283084
458,1939-03,1939.0,3.0,-2.3435567649837576,5.6112987004676285
459,1939-04,1939.0,4.0,1.2107708506463783,9.332562482686955
460,1939-05,1939.0,5.0,-2.9013827777030947,13.78525374544503
461,1939-06,1939.0,6.0,0.06383804191733233,17.262828624749332
462,1939-07,1939.0,7.0,-1.07174158036646,19.452386741656785
463,1939-08,1939.0,8.0,-0.10418566111230732,18.646121144983272
464,1939-09,1939.0,9.0,-0.6009369428201516,15.26760360948682
465,1939-10,1939.0,10.0,-0.3084816811872404,10.018159100542078
466,1939-11,1939.0,11.0,2.13708354205892,5.206249791274413
467,1939-12,1939.0,12.0,-0.77302106506921,1.9956017102305001
468,1940-01,1940.0,1.0,-3.761598348543659,0.9357918969307555
469,1940-02,1940.0,2.0,0.19258627553566443,2.1315516554988183
470,1940-03,1940.0,3.0,0.37448831960850804,5.622285873939878
471,1940-04,1940.0,4.0,0.21457104314518283,9.342095623521484
472,1940-05,1940.0,5.0,0.05626395941461659,13.788897330907961
473,1940-06,1940.0,6.0,-0.4545408197788383,17.27120748644551
474,1940-07,1940.0,7.0,-1.2210015106269232,19.462936994497888
475,1940-08,1940.0,8.0,-0.7738221045099962,18.65769307225193
476,1940-09,1940.0,9.0,0.41634203646872336,15.273657963531278
477,1940-10,1940.0,10.0,-0.02540342911705551,10.035080848471889
478,1940-11,1940.0,11.0,1.2818127727565356,5.218187227243465
479,1940-12,1940.0,12.0,-4.048229142719583,2.0062936588486155
480,1941-01,1941.0,1.0,-1.00657313737785,0.948508621248818
481,1941-02,1941.0,2.0,0.4503473786878147,2.1425097641693283
482,1941-03,1941.0,3.0,0.5441463074265815,5.633273047412128
483,1941-04,1941.0,4.0,-0.9982954310226795,9.351628764356013
484,1941-05,1941.0,5.0,-3.3441538195967,13.792540916370891
485,1941-06,1941.0,6.0,0.2770803185249804,17.279586348141688
486,1941-07,1941.0,7.0,1.2394159784674592,19.473487247338994
487,1941-08,1941.0,8.0,-1.0370069350044666,18.669264999520593
488,1941-09,1941.0,9.0,-0.7530456509090673,15.279712317575735
489,1941-10,1941.0,10.0,-0.832647757692019,10.052002596401698
490,1941-11,1941.0,11.0,-0.33679132987918425,5.230124663212517
491,1941-12,1941.0,12.0,-0.8685985106925367,2.0169856074667303
492,1942-01,1942.0,1.0,-3.1321930875023645,0.9612253455668807
493,1942-02,1942.0,2.0,-3.889182158554124,2.1534678728398386
494,1942-03,1942.0,3.0,0.8138042952446547,5.6442602208843775
495,1942-04,1942.0,4.0,0.6988380948094566,9.361161905190542
496,1942-05,1942.0,5.0,0.5522025949403702,13.796184501833823
497,1942-06,1942.0,6.0,0.7253681234954676,17.287965209837864
498,1942-07,1942.0,7.0,0.5933818546586096,19.484037500180097
499,1942-08,1942.0,8.0,1.2385179119204182,18.680836926789254
500,1942-09,1942.0,9.0,2.2442333283798117,15.285766671620193
501,1942-10,1942.0,10.0,1.9375272685717206,10.068924344331506
502,1942-11,1942.0,11.0,-0.8220620991815704,5.242062099181569
503,1942-12,1942.0,12.0,-0.7018711044719423,2.027677556084846
504,1943-01,1943.0,1.0,0.8357353494698948,0.9739420698849436
505,1943-02,1943.0,2.0,1.33914544706108,2.1644259815103486
506,1943-03,1943.0,3.0,1.54152679919176,5.6552473943566275
507,1943-04,1943.0,4.0,1.632638287308266,9.370695046025071
508,1943-05,1943.0,5.0,1.3324299772193768,13.799828087296753
509,1943-06,1943.0,6.0,-0.22634407153404368,17.29634407153404
510,1943-07,1943.0,7.0,0.5054122469787998,19.494587753021204
511,1943-08,1943.0,8.0,1.9817846943291855,18.692408854057913
512,1943-09,1943.0,9.0,1.021512307668683,15.29182102566465
513,1943-10,1943.0,10.0,2.285121649674169,10.085846092261317
514,1943-11,1943.0,11.0,-0.4439995351506223,5.253999535150622
515,1943-12,1943.0,12.0,0.41646920497445805,2.038369504702961
516,1944-01,1944.0,1.0,0.8907605606357034,0.9866587942030063
517,1944-02,1944.0,2.0,-2.406418572939479,2.1753840901808585
518,1944-03,1944.0,3.0,-1.7049442452482313,5.666234567828877
519,1944-04,1944.0,4.0,2.2031051464737352,9.3802281868596
520,1944-05,1944.0,5.0,0.8965283272403131,13.803471672759684
521,1944-06,1944.0,6.0,0.10194373343644259,17.30472293323022
522,1944-07,1944.0,7.0,0.21099102639576017,19.505138005862307
523,1944-08,1944.0,8.0,4.041180508996007,18.703980781326575
524,1944-09,1944.0,9.0,-0.1878753797091104,15.297875379709108
525,1944-10,1944.0,10.0,-0.9866388079330637,10.102767840191127
526,1944-11,1944.0,11.0,0.3973963622136578,5.265936971119674
527,1944-12,1944.0,12.0,-0.6490614533210768,2.0490614533210763
528,1945-01,1945.0,1.0,-3.938085195940424,0.9993755185210689
529,1945-02,1945.0,2.0,2.310086372577202,2.186342198851369
530,1945-03,1945.0,3.0,1.5227782586988736,5.677221741301127
531,1945-04,1945.0,4.0,2.790238672305872,9.389761327694128
532,1945-05,1945.0,5.0,2.1057879675838347,13.807115258222616
533,1945-06,1945.0,6.0,3.156898205073599,17.313101794926396
534,1945-07,1945.0,7.0,2.2326988380707817,19.515688258703413
535,1945-08,1945.0,8.0,-0.028455934401680594,18.715552708595233
536,1945-09,1945.0,9.0,1.4694035995797705,15.303929733753566
537,1945-10,1945.0,10.0,0.589987831233902,10.119689588120936
538,1945-11,1945.0,11.0,-0.9278744070887246,5.277874407088727
539,1945-12,1945.0,12.0,0.3047627270930664,2.0597534019391914
540,1946-01,1946.0,1.0,-1.212092242839132,1.012092242839132
541,1946-02,1946.0,2.0,3.1491282639066935,2.197300307521879
542,1946-03,1946.0,3.0,1.3440491497427516,5.6882089147733765
543,1946-04,1946.0,4.0,2.924038864804677,9.399294468528657
544,1946-05,1946.0,5.0,1.0214992208305826,13.810758843685546
545,1946-06,1946.0,6.0,-0.07814732328924023,17.321480656622576
546,1946-07,1946.0,7.0,1.380213101358713,19.526238511544516
547,1946-08,1946.0,8.0,0.2083592351038419,18.727124635863895
548,1946-09,1946.0,9.0,0.4766825788686422,15.309984087798023
549,1946-10,1946.0,10.0,-0.4624177876636466,10.136611336050745
550,1946-11,1946.0,11.0,-0.09647850972444694,5.289811843057779
551,1946-12,1946.0,12.0,-1.3220582537831127,2.0704453505573066
552,1947-01,1947.0,1.0,-2.1441638058668717,1.0248089671571943
553,1947-02,1947.0,2.0,-1.490401273335246,2.208258416192389
554,1947-03,1947.0,3.0,1.0330619762705027,5.699196088245626
555,1947-04,1947.0,4.0,3.3211723906368107,9.408827609363186
556,1947-05,1947.0,5.0,2.2436620869805513,13.814402429148478
557,1947-06,1947.0,6.0,2.1734738150145816,17.329859518318752
558,1947-07,1947.0,7.0,1.9567596227111501,19.536788764385623
559,1947-08,1947.0,8.0,3.0000131142867943,18.738696563132557
560,1947-09,1947.0,9.0,2.593961558157522,15.316038441842482
561,1947-10,1947.0,10.0,0.85291852892267,10.153533083980555
562,1947-11,1947.0,11.0,2.194917387639835,5.301749279026832
563,1947-12,1947.0,12.0,0.5478949588890947,2.081137299175422
564,1948-01,1948.0,1.0,3.091506566589259,1.037525691475257
565,1948-02,1948.0,2.0,0.6428524406543419,2.219216524862899
566,1948-03,1948.0,3.0,3.718848996346641,5.710183261717876
567,1948-04,1948.0,4.0,0.7283059164689529,9.418360750197715
568,1948-05,1948.0,5.0,1.1529217273240775,13.81804601461141
569,1948-06,1948.0,6.0,-0.9415717133482673,17.338238380014932
570,1948-07,1948.0,7.0,-2.3312099849686625,19.547339017226726
571,1948-08,1948.0,8.0,-0.05672010330443911,18.750268490401215
572,1948-09,1948.0,9.0,-0.7587594625536074,15.322092795886938
573,1948-10,1948.0,10.0,0.9037387164767328,10.170454831910364
574,1948-11,1948.0,11.0,0.049646618337449766,5.313686714995884
575,1948-12,1948.0,12.0,-0.6434421510193435,2.091829247793537
576,1949-01,1949.0,1.0,0.5852414551744216,1.0502424157933201
577,1949-02,1949.0,2.0,0.012682509323734159,2.230174633533409
578,1949-03,1949.0,3.0,-1.7243962416417373,5.721170435190125
579,1949-04,1949.0,4.0,3.005439442301089,9.427893891032245
580,1949-05,1949.0,5.0,-1.4249154065259528,13.82168960007434
581,1949-06,1949.0,6.0,0.3800494249555584,17.346617241711108
582,1949-07,1949.0,7.0,2.051788149287006,19.557889270067832
583,1949-08,1949.0,8.0,1.7607402274914143,18.761840417669877
584,1949-09,1949.0,9.0,3.2418528500686072,15.328147149931397
585,1949-10,1949.0,10.0,1.6223008395146614,10.187376579840175
586,1949-11,1949.0,11.0,-0.07895748429826899,5.325624150964937
587,1949-12,1949.0,12.0,2.1910271906851233,2.102521196411652
588,1950-01,1950.0,1.0,-0.31779784978880155,1.0629591401113827
589,1950-02,1950.0,2.0,2.023152972081796,2.241132742203919
590,1950-03,1950.0,3.0,0.771068197789238,5.732157608662375
591,1950-04,1950.0,4.0,-1.0407603652001072,9.437427031866774
592,1950-05,1950.0,5.0,1.6359571370433716,13.825333185537271
593,1950-06,1950.0,6.0,2.748337229926051,17.354996103407284
594,1950-07,1950.0,7.0,2.7734959609620304,19.568439522908935
595,1950-08,1950.0,8.0,0.7846521711904906,18.77341234493854
596,1950-09,1950.0,9.0,0.14913182935747749,15.334201503975855
597,1950-10,1950.0,10.0,0.08602425287517868,10.204298327769983
598,1950-11,1950.0,11.0,1.475771746399345,5.337561586933989
599,1950-12,1950.0,12.0,-1.9293421772878316,2.1132131450297673
600,1951-01,1951.0,1.0,1.6501305871834575,1.0756758644294455
601,1951-02,1951.0,2.0,1.376480577697,2.2520908508744295
602,1951-03,1951.0,3.0,-0.27540284665075454,5.743144782134625
603,1951-04,1951.0,4.0,0.5597064939653649,9.446960172701303
604,1951-05,1951.0,5.0,-0.6451058032582679,13.828976771000203
605,1951-06,1951.0,6.0,-0.07004163177013112,17.363374965103464
606,1951-07,1951.0,7.0,0.3564940952177018,19.57898977575004
607,1951-08,1951.0,8.0,0.45372540521215754,18.784984272207197
608,1951-09,1951.0,9.0,1.016410808646354,15.340255858020312
609,1951-10,1951.0,10.0,0.2626508920421422,10.221220075699794
610,1951-11,1951.0,11.0,1.5771676437636248,5.349499022903042
611,1951-12,1951.0,12.0,-0.8335825130027215,2.123905093647883
612,1952-01,1952.0,1.0,-0.4980700081023465,1.0883925887475083
613,1952-02,1952.0,2.0,-1.8389110285104566,2.2630489595449395
614,1952-03,1952.0,3.0,1.8845777218124802,5.754131955606874
615,1952-04,1952.0,4.0,2.2668400197975007,9.45649331353583
616,1952-05,1952.0,5.0,1.6318957725691252,13.832620356463133
617,1952-06,1952.0,6.0,2.5315795065336886,17.37175382679964
618,1952-07,1952.0,7.0,3.8491696488282123,19.589540028591145
619,1952-08,1952.0,8.0,1.2292502521370423,18.79655619947586
620,1952-09,1952.0,9.0,-2.1729768787314345,15.34631021206477
621,1952-10,1952.0,10.0,0.4457291441123328,10.238141823629602
622,1952-11,1952.0,11.0,-0.6981031255387613,5.361436458872094
623,1952-12,1952.0,12.0,0.41379005450819584,2.134597042265998
624,1953-01,1953.0,1.0,-1.8720770550010546,1.101109313065571
625,1953-02,1953.0,2.0,-1.5347213539297353,2.2740070682154494
626,1953-03,1953.0,3.0,0.9929453870499092,5.765119129079124
627,1953-04,1953.0,4.0,1.3906402122963044,9.46602645437036
628,1953-05,1953.0,5.0,2.2895425096868376,13.836263941926065
629,1953-06,1953.0,6.0,-0.8667993551624882,17.38013268849582
630,1953-07,1953.0,7.0,0.903135525019362,19.600090281432248
631,1953-08,1953.0,8.0,0.7821944539006473,18.808128126744517
632,1953-09,1953.0,9.0,1.4309687672241083,15.352364566109227
633,1953-10,1953.0,10.0,1.9030009445696159,10.255063571559413
634,1953-11,1953.0,11.0,-0.8000405615078128,5.373373894841147
635,1953-12,1953.0,12.0,1.4998722994384672,2.1452889908841133
636,1954-01,1954.0,1.0,-1.1396324889965372,1.1138260373836337
637,1954-02,1954.0,2.0,-1.0492508911716742,2.28496517688596
638,1954-03,1954.0,3.0,1.2851840200292726,5.776106302551373
639,1954-04,1954.0,4.0,-1.1122262618715535,9.475559595204889
640,1954-05,1954.0,5.0,-0.4399075273889963,13.839907527388995
641,1954-06,1954.0,6.0,1.348155116474672,17.388511550191996
642,1954-07,1954.0,7.0,-1.3364469858862584,19.610640534273355
643,1954-08,1954.0,8.0,-0.6197000540131796,18.81970005401318
644,1954-09,1954.0,9.0,1.028247746512978,15.358418920153685
645,1954-10,1954.0,10.0,0.5796275837365865,10.271985319489222
646,1954-11,1954.0,11.0,1.7246886691898,5.385311330810199
647,1954-12,1954.0,12.0,2.0795029314655133,2.1559809395022285
648,1955-01,1955.0,1.0,1.7928120770079796,1.1265427617016965
649,1955-02,1955.0,2.0,0.44336242872924414,2.2959232855564697
650,1955-03,1955.0,3.0,-1.2419321857010415,5.787093476023623
651,1955-04,1955.0,4.0,1.4115739306272488,9.485092736039418
652,1955-05,1955.0,5.0,0.32419082263194454,13.843551112851927
653,1955-06,1955.0,6.0,0.37977625477848775,17.396890411888176
654,1955-07,1955.0,7.0,0.39816405159522006,19.621190787114458
655,1955-08,1955.0,8.0,0.3751796316213891,18.83127198128184
656,1955-09,1955.0,9.0,0.14886005913519007,15.364473274198144
657,1955-10,1955.0,10.0,-0.437294164193224,10.288907067419032
658,1955-11,1955.0,11.0,-0.5739154334459187,5.397248766779251
659,1955-12,1955.0,12.0,3.191391628008688,2.1666728881203436
660,1956-01,1956.0,1.0,2.6962243849479837,1.1392594860197591
661,1956-02,1956.0,2.0,-8.427571049399393,2.3068813942269797
662,1956-03,1956.0,3.0,0.05675806018154539,5.798080649495873
663,1956-04,1956.0,4.0,-1.0112925435406144,9.494625876873947
664,1956-05,1956.0,5.0,1.4237730436206295,13.847194698314858
665,1956-06,1956.0,6.0,-0.9086026069176896,17.405269273584352
666,1956-07,1956.0,7.0,-0.1639991044716922,19.631741039955564
667,1956-08,1956.0,8.0,-1.6009084246795346,18.8428439085505
668,1956-09,1956.0,9.0,1.2061390384240678,15.3705276282426
669,1956-10,1956.0,10.0,-1.328409460510132,10.30582881534884
670,1956-11,1956.0,11.0,-1.2458528694149704,5.4091862027483035
671,1956-12,1956.0,12.0,0.5710222600357344,2.177364836738459
672,1957-01,1957.0,1.0,-1.3455245974345962,1.151976210337822
673,1957-02,1957.0,2.0,3.507160497102511,2.31783950289749
674,1957-03,1957.0,3.0,3.22641604799962,5.809067822968122
675,1957-04,1957.0,4.0,0.41584098229152744,9.504159017708476
676,1957-05,1957.0,5.0,-1.9218060257132716,13.850838283777788
677,1957-06,1957.0,6.0,-0.07031480194720174,17.413648135280532
678,1957-07,1957.0,7.0,-0.16487193795796173,19.642291292796667
679,1957-08,1957.0,8.0,-0.8479642229159339,18.85441583581916
680,1957-09,1957.0,9.0,-0.22324864895372443,15.376581982287059
681,1957-10,1957.0,10.0,-0.5550086277947823,10.322750563278651
682,1957-11,1957.0,11.0,0.9955430279493127,5.421123638717356
683,1957-12,1957.0,12.0,-0.2041858176146374,2.188056785356574
684,1958-01,1958.0,1.0,0.3675651298602447,1.1646929346558847
685,1958-02,1958.0,2.0,3.039059531289142,2.328797611568
686,1958-03,1958.0,3.0,-2.1716678996661787,5.820054996440372
687,1958-04,1958.0,4.0,-2.0503588252096723,9.513692158543005
688,1958-05,1958.0,5.0,1.9164858726947624,13.85448186924072
689,1958-06,1958.0,6.0,-0.8720269969767109,17.422026996976708
690,1958-07,1958.0,7.0,-0.0431641262829352,19.652841545637774
691,1958-08,1958.0,8.0,0.4630444949766961,18.86598776308782
692,1958-09,1958.0,9.0,2.144030330335152,15.382636336331515
693,1958-10,1958.0,10.0,-0.8074142466923284,10.33967231120846
694,1958-11,1958.0,11.0,0.05693892531359257,5.4330610746864085
695,1958-12,1958.0,12.0,2.168993201509182,2.198748733974689
696,1959-01,1959.0,1.0,1.1871064700583105,1.1774096589739473
697,1959-02,1959.0,2.0,0.2781014226186329,2.33975572023851
698,1959-03,1959.0,3.0,2.346377184926089,5.831042169912621
699,1959-04,1959.0,4.0,0.8267747006224653,9.523225299377533
700,1959-05,1959.0,5.0,1.0063906743286068,13.858125454703652
701,1959-06,1959.0,6.0,0.7129274746604501,17.430405858672884
702,1959-07,1959.0,7.0,2.0785436853920913,19.663391798478877
703,1959-08,1959.0,8.0,0.09340805157900434,18.87755969035648
704,1959-09,1959.0,9.0,1.857975976290696,15.388690690375974
705,1959-10,1959.0,10.0,0.033728521506890985,10.35659405913827
706,1959-11,1959.0,11.0,-1.2116651773221285,5.444998510655461
707,1959-12,1959.0,12.0,2.0583012528910682,2.2094406825928044
708,1960-01,1960.0,1.0,0.3776155521918607,1.1901263832920101
709,1960-02,1960.0,2.0,1.7803206538496008,2.3507138289090204
710,1960-03,1960.0,3.0,1.5837771082280323,5.842029343384871
711,1960-04,1960.0,4.0,0.5639082264546076,9.532758440212062
712,1960-05,1960.0,5.0,1.7543599920914819,13.861769040166582
713,1960-06,1960.0,6.0,1.4512152796309365,17.438784720369064
714,1960-07,1960.0,7.0,-1.7062001158361078,19.673942051319983
715,1960-08,1960.0,8.0,-0.8181638756896561,18.889131617625143
716,1960-09,1960.0,9.0,-1.7314117110871,15.394745044420432
717,1960-10,1960.0,10.0,-0.36706419416485403,10.37351580706808
718,1960-11,1960.0,11.0,2.099730720042155,5.4569359466245135
719,1960-12,1960.0,12.0,0.28954478814392015,2.2201326312109195
720,1961-01,1961.0,1.0,1.4036085052931533,1.202843107610073
721,1961-02,1961.0,2.0,3.4204709195633263,2.3616719375795303
722,1961-03,1961.0,3.0,2.027628644433201,5.853016516857121
723,1961-04,1961.0,4.0,2.9743750856200784,9.542291581046591
724,1961-05,1961.0,5.0,-0.4750900449843485,13.865412625629514
725,1961-06,1961.0,6.0,0.8395030846014251,17.44716358206524
726,1961-07,1961.0,7.0,-0.9361052073868912,19.684492304161086
727,1961-08,1961.0,8.0,-0.3232841900550909,18.9007035448938
728,1961-09,1961.0,9.0,3.4458672682017824,15.400799398464889
729,1961-10,1961.0,10.0,1.2644011546795326,10.39043755499789
730,1961-11,1961.0,11.0,0.1411266174064334,5.468873382593566
731,1961-12,1961.0,12.0,1.588530258880644,2.2308245798290347
732,1962-01,1962.0,1.0,1.6360530712976704,1.2155598319281355
733,1962-02,1962.0,2.0,-1.029772903392897,2.3726300462500403
734,1962-03,1962.0,3.0,-3.167229496780983,5.86400369032937
735,1962-04,1962.0,4.0,-0.711824721881122,9.55182472188112
736,1962-05,1962.0,5.0,-2.1109916949634133,13.869056211092445
737,1962-06,1962.0,6.0,-1.5322091104280862,17.45554244376142
738,1962-07,1962.0,7.0,-1.730526427969938,19.695042557002193
739,1962-08,1962.0,8.0,1.1425632375149561,18.912275472162463
740,1962-09,1962.0,9.0,-0.4068537525093454,15.406853752509347
741,1962-10,1962.0,10.0,-0.2363915609922156,10.407359302927699
742,1962-11,1962.0,11.0,-2.477477485229286,5.4808108185626185
743,1962-12,1962.0,12.0,-3.473774592963279,2.24151652844715
744,1963-01,1963.0,1.0,-5.525050749794585,1.2282765562461986
745,1963-02,1963.0,2.0,-5.097873869206266,2.383588154920551
746,1963-03,1963.0,3.0,-1.7427327992854913,5.87499086380162
747,1963-04,1963.0,4.0,0.07197547061768184,9.56135786271565
748,1963-05,1963.0,5.0,-1.5146352804263383,13.872699796555375
749,1963-06,1963.0,6.0,-1.5639213054575958,17.463921305457596
750,1963-07,1963.0,7.0,-0.3733347453271634,19.705592809843296
751,1963-08,1963.0,8.0,-2.5206215929795057,18.92384739943112
752,1963-09,1963.0,9.0,-0.7629081065538035,15.412908106553804
753,1963-10,1963.0,10.0,-1.2920229863413795,10.424281050857509
754,1963-11,1963.0,11.0,2.0972517454683306,5.492748254531671
755,1963-12,1963.0,12.0,-3.2522084770652646,2.252208477065265
756,1964-01,1964.0,1.0,-2.8409932805642613,1.2409932805642612
757,1964-02,1964.0,2.0,0.8606261502020436,2.3945462635910606
758,1964-03,1964.0,3.0,-1.4924296501770948,5.885978037273869
759,1964-04,1964.0,4.0,0.1091089964498213,9.570891003550178
760,1964-05,1964.0,5.0,0.4139791986268566,13.876343382018307
761,1964-06,1964.0,6.0,0.011033166179554854,17.472300167153776
762,1964-07,1964.0,7.0,0.5225666147349557,19.7161430626844
763,1964-08,1964.0,8.0,-1.003161262183653,18.935419326699783
764,1964-09,1964.0,9.0,-0.23896246059826431,15.418962460598262
765,1964-10,1964.0,10.0,-1.476686669755063,10.441202798787318
766,1964-11,1964.0,11.0,0.225314309499276,5.5046856905007235
767,1964-12,1964.0,12.0,-1.8564488127801544,2.2629004256833802
768,1965-01,1965.0,1.0,-0.5956454887532916,1.2537100048823238
769,1965-02,1965.0,2.0,-3.369790086547285,2.4055043722615705
770,1965-03,1965.0,3.0,-1.7582555333267642,5.896965210746119
771,1965-04,1965.0,4.0,-1.9137574777180406,9.580424144384708
772,1965-05,1965.0,5.0,-1.3767611610296235,13.879986967481239
773,1965-06,1965.0,6.0,-0.8206790288499519,17.480679028849952
774,1965-07,1965.0,7.0,-2.562177186493251,19.726693315525505
775,1965-08,1965.0,8.0,-2.3308622217103796,18.946991253968445
776,1965-09,1965.0,9.0,-2.9150168146427244,15.425016814642719
777,1965-10,1965.0,10.0,-0.63554390155584,10.458124546717128
778,1965-11,1965.0,11.0,-0.313289793136442,5.516623126469776
779,1965-12,1965.0,12.0,0.9973753676339876,2.2735923743014954
780,1966-01,1966.0,1.0,-1.4793299550068382,1.2664267292003866
781,1966-02,1966.0,2.0,2.9871089476393466,2.416462480932081
782,1966-03,1966.0,3.0,-1.5240814164764345,5.907952384218369
783,1966-04,1966.0,4.0,0.6867093814474323,9.589957285219235
784,1966-05,1966.0,5.0,-0.25137248842804105,13.883630552944169
785,1966-06,1966.0,6.0,0.30760877612053505,17.48905789054613
786,1966-07,1966.0,7.0,-2.3662758264311243,19.73724356836661
787,1966-08,1966.0,8.0,-1.8230793102693603,18.958563181237103
788,1966-09,1966.0,9.0,0.5022621646461545,15.431071168687177
789,1966-10,1966.0,10.0,1.8604375763208054,10.475046294646937
790,1966-11,1966.0,11.0,-2.521893895772162,5.5285605624388285
791,1966-12,1966.0,12.0,0.028618902886840214,2.284284322919611
792,1967-01,1967.0,1.0,-0.5114015180345785,1.2791434535184494
793,1967-02,1967.0,2.0,0.48686512468312326,2.427420589602591
794,1967-03,1967.0,3.0,0.7358991519868026,5.918939557690618
795,1967-04,1967.0,4.0,-1.6328237593870973,9.599490426053764
796,1967-05,1967.0,5.0,-1.5969515577619404,13.8872741384071
797,1967-06,1967.0,6.0,-1.7774367522423091,17.497436752242308
798,1967-07,1967.0,7.0,0.40704488846970577,19.747793821207715
799,1967-08,1967.0,8.0,-0.9959415601186663,18.970135108505765
800,1967-09,1967.0,9.0,-1.253792189398304,15.437125522731636
801,1967-10,1967.0,10.0,1.4306126025845476,10.491968042576747
802,1967-11,1967.0,11.0,-0.4071646650745473,5.540497998407881
803,1967-12,1967.0,12.0,-2.4756214328280493,2.294976271537726
804,1968-01,1968.0,1.0,-1.8821827584816733,1.291860177836512
805,1968-02,1968.0,2.0,0.2650695775889682,2.438378698273101
806,1968-03,1968.0,3.0,-0.4750880214854476,5.929926731162868
807,1968-04,1968.0,4.0,0.19430976644504305,9.609023566888293
808,1968-05,1968.0,5.0,-1.8457564335474483,13.89091772387003
809,1968-06,1968.0,6.0,-1.2191489472718153,17.505815613938484
810,1968-07,1968.0,7.0,-1.526086009532687,19.758344074048818
811,1968-08,1968.0,8.0,-2.9720296164195865,18.981707035774427
812,1968-09,1968.0,9.0,-1.9198465434427536,15.443179876776092
813,1968-10,1968.0,10.0,1.2943360159450563,10.508889790506556
814,1968-11,1968.0,11.0,-0.7591021010435997,5.5524354343769335
815,1968-12,1968.0,12.0,-0.7798617685429383,2.3056682201558414
816,1969-01,1969.0,1.0,-0.011028515057800448,1.3045769021545748
817,1969-02,1969.0,2.0,-2.6564796640864685,2.4493368069436112
818,1969-03,1969.0,3.0,-0.8570429368931824,5.940913904635117
819,1969-04,1969.0,4.0,-0.971890041056156,9.618556707722822
820,1969-05,1969.0,5.0,-0.2816580835265068,13.894561309332962
821,1969-06,1969.0,6.0,-3.2741944756346637,17.514194475634664
822,1969-07,1969.0,7.0,-0.49470077850282124,19.768894326889924
823,1969-08,1969.0,8.0,-1.3319886404624448,18.993278963043085
824,1969-09,1969.0,9.0,-0.15923423082054988,15.44923423082055
825,1969-10,1969.0,10.0,-0.20323089327507837,10.525811538436367
826,1969-11,1969.0,11.0,0.06229379632068088,5.564372870345986
827,1969-12,1969.0,12.0,-3.9518440397416983,2.316360168773957
828,1970-01,1970.0,1.0,-1.0172936264726373,1.3172936264726376
829,1970-02,1970.0,2.0,0.2682765129573075,2.460294915614121
830,1970-03,1970.0,3.0,-3.3454494652041418,5.951901078107367
831,1970-04,1970.0,4.0,-2.994756515224017,9.628089848557352
832,1970-05,1970.0,5.0,-1.7788500560862133,13.898204894795894
833,1970-06,1970.0,6.0,0.09409332933582704,17.52257333733084
834,1970-07,1970.0,7.0,-1.2084768377955406,19.779444579731027
835,1970-08,1970.0,8.0,-0.5435605677310988,19.004850890311747
836,1970-09,1970.0,9.0,-0.1252885848650056,15.455288584865007
837,1970-10,1970.0,10.0,-1.6556365121726255,10.542733286366175
838,1970-11,1970.0,11.0,0.6803563603516265,5.5763103063150385
839,1970-12,1970.0,12.0,-1.2270521173920719,2.3270521173920717
840,1971-01,1971.0,1.0,-2.6106555120810224,1.3300103507907
841,1971-02,1971.0,2.0,-0.7355387385703454,2.471253024284631
842,1971-03,1971.0,3.0,-4.611275348353811,5.962888251579617
843,1971-04,1971.0,4.0,1.4623770106081206,9.63762298939188
844,1971-05,1971.0,5.0,0.06911926167666138,13.901848480258824
845,1971-06,1971.0,6.0,-2.297618865693684,17.53095219902702
846,1971-07,1971.0,7.0,0.5067793609762496,19.789994832572134
847,1971-08,1971.0,8.0,0.9513191179034628,19.016422817580406
848,1971-09,1971.0,9.0,-1.2380096055761332,15.461342938909466
849,1971-10,1971.0,10.0,-0.24997761494114634,10.559655034295986
850,1971-11,1971.0,11.0,-1.9782477422840907,5.588247742284091
851,1971-12,1971.0,12.0,-1.124840840203735,2.337744066010187
852,1972-01,1972.0,1.0,-0.22014642994747247,1.342727075108763
853,1972-02,1972.0,2.0,0.8626164532517544,2.4822111329551415
854,1972-03,1972.0,3.0,0.19386651043200587,5.973875425051866
855,1972-04,1972.0,4.0,-1.1638227968930774,9.64715613022641
856,1972-05,1972.0,5.0,-1.3635565818507924,13.905492065721756
857,1972-06,1972.0,6.0,-2.2559977273898646,17.539331060723196
858,1972-07,1972.0,7.0,-1.4779644402519452,19.800545085413237
859,1972-08,1972.0,8.0,-1.44089797065552,19.027994744849067
860,1972-09,1972.0,9.0,-3.5840639596205897,15.467397292953924
861,1972-10,1972.0,10.0,-2.324963878999988,10.576576782225795
862,1972-11,1972.0,11.0,0.6664814884135231,5.6001851782531435
863,1972-12,1972.0,12.0,-1.1710166597895928,2.348436014628302
864,1973-01,1973.0,1.0,-1.1006050897494064,1.3554437994268258
865,1973-02,1973.0,2.0,-1.3574549559113651,2.4931692416256515
866,1973-03,1973.0,3.0,-1.9526045340079872,5.984862598524116
867,1973-04,1973.0,4.0,-3.093355937727603,9.656689271060937
868,1973-05,1973.0,5.0,-0.025264683442751235,13.909135651184688
869,1973-06,1973.0,6.0,-0.5010432557527089,17.547709922419372
870,1973-07,1973.0,7.0,-1.5304501769640204,19.811095338254344
871,1973-08,1973.0,8.0,0.44753010207581667,19.03956667211773
872,1973-09,1973.0,9.0,-0.06345164699838257,15.473451646998381
873,1973-10,1973.0,10.0,-2.0322082075749606,10.593498530155605
874,1973-11,1973.0,11.0,-1.5454559475555296,5.612122614222196
875,1973-12,1973.0,12.0,-1.5559021567948044,2.3591279632464173
876,1974-01,1974.0,1.0,1.8447427020615632,1.3681605237448884
877,1974-02,1974.0,2.0,1.9423012211324098,2.5041273502961614
878,1974-03,1974.0,3.0,1.2686663570358911,5.995849771996365
879,1974-04,1974.0,4.0,-0.7062224118954656,9.666222411895466
880,1974-05,1974.0,5.0,-1.7127792366476182,13.912779236647618
881,1974-06,1974.0,6.0,-2.372755450782222,17.556088784115552
882,1974-07,1974.0,7.0,-1.6119681717406102,19.821645591095447
883,1974-08,1974.0,8.0,-0.15436440583799893,19.051138599386388
884,1974-09,1974.0,9.0,-1.332839334376171,15.47950600104284
885,1974-10,1974.0,10.0,-5.094291245827351,10.610420278085414
886,1974-11,1974.0,11.0,-0.35072671685791246,5.624060050191248
887,1974-12,1974.0,12.0,1.3075994429741775,2.3698199118645324
888,1975-01,1975.0,1.0,2.138477590646726,1.380877248062951
889,1975-02,1975.0,2.0,-0.3329426018238144,2.515085458966672
890,1975-03,1975.0,3.0,-1.5390950099847442,6.006836945468615
891,1975-04,1975.0,4.0,-0.835755552729994,9.675755552729996
892,1975-05,1975.0,5.0,-1.1357776608202244,13.91642282211055
893,1975-06,1975.0,6.0,-2.3344676458117277,17.564467645811728
894,1975-07,1975.0,7.0,-0.7547764890978392,19.832195843936553
895,1975-08,1975.0,8.0,-0.4885169782679526,19.06271052665505
896,1975-09,1975.0,9.0,0.3744396449126999,15.485560355087296
897,1975-10,1975.0,10.0,-2.4079871873055456,10.627342026015224
898,1975-11,1975.0,11.0,0.3740025138396996,5.6359974861603
899,1975-12,1975.0,12.0,-1.0643828282245837,2.380511860482648
900,1976-01,1976.0,1.0,-0.4516584885100462,1.393593972381014
901,1976-02,1976.0,2.0,-0.8881125331544228,2.5260435676371817
902,1976-03,1976.0,3.0,-1.5791144415215106,6.017824118940865
903,1976-04,1976.0,4.0,-1.0486220268978599,9.685288693564525
904,1976-05,1976.0,5.0,0.49606262468457984,13.920066407573481
905,1976-06,1976.0,6.0,1.8838201591587591,17.572846507507908
906,1976-07,1976.0,7.0,0.6056409999965418,19.842746096777656
907,1976-08,1976.0,8.0,-1.9226695506979006,19.074282453923708
908,1976-09,1976.0,9.0,-2.5749480424650866,15.491614709131754
909,1976-10,1976.0,10.0,-0.11845732233212836,10.644263773945033
910,1976-11,1976.0,11.0,-0.23460158879601778,5.647934922129353
911,1976-12,1976.0,12.0,-1.5557199381330216,2.3912038091007632
912,1977-01,1977.0,1.0,0.209818335558988,1.4063106966990766
913,1977-02,1977.0,2.0,2.9129983236923085,2.5370016763076917
914,1977-03,1977.0,3.0,1.4550596753288207,6.028811292413114
915,1977-04,1977.0,4.0,-1.5481551677323875,9.694821834399054
916,1977-05,1977.0,5.0,-1.9269357994880245,13.923709993036411
917,1977-06,1977.0,6.0,-2.1378920358707507,17.581225369204084
918,1977-07,1977.0,7.0,-1.6597479625219833,19.85329634961876
919,1977-08,1977.0,8.0,-2.2535963166762443,19.08585438119237
920,1977-09,1977.0,9.0,-1.874335729842878,15.497669063176213
921,1977-10,1977.0,10.0,0.23236286522192806,10.661185521874843
922,1977-11,1977.0,11.0,-0.2698723580984064,5.659872358098405
923,1977-12,1977.0,12.0,0.09487843582950939,2.4018957577188784
924,1978-01,1978.0,1.0,-0.2545112919848811,1.4190274210171394
925,1978-02,1978.0,2.0,-0.5801026421210589,2.547959784978202
926,1978-03,1978.0,3.0,-0.2881855626595575,6.039798465885364
927,1978-04,1978.0,4.0,-1.9476883085669163,9.704354975233583
928,1978-05,1978.0,5.0,-1.8918697075315993,13.927353578499343
929,1978-06,1978.0,6.0,-1.899604230900266,17.589604230900264
930,1978-07,1978.0,7.0,-2.273524021814705,19.863846602459866
931,1978-08,1978.0,8.0,-2.5329101794287787,19.09742630846103
932,1978-09,1978.0,9.0,-1.2737234172206708,15.50372341722067
933,1978-10,1978.0,10.0,-2.0781072698046525,10.678107269804652
934,1978-11,1978.0,11.0,-1.9684764607341236,5.671809794067458
935,1978-12,1978.0,12.0,0.7970897130178454,2.4125877063369936
936,1979-01,1979.0,1.0,-2.502711887270686,1.4317441453352022
937,1979-02,1979.0,2.0,1.4839392492084316,2.558917893648712
938,1979-03,1979.0,3.0,0.11695629612625602,6.050785639357613
939,1979-04,1979.0,4.0,-2.2538881160681123,9.713888116068112
940,1979-05,1979.0,5.0,-1.1955132929945282,13.930997163962273
941,1979-06,1979.0,6.0,-0.5979830925964471,17.59798309259644
942,1979-07,1979.0,7.0,-0.7905258875590313,19.87439685530097
943,1979-08,1979.0,8.0,-2.105772429278076,19.10899823572969
944,1979-09,1979.0,9.0,-0.5531111045984627,15.509777771265128
945,1979-10,1979.0,10.0,0.11787420807198856,10.695029017734463
946,1979-11,1979.0,11.0,-1.1237472300365097,5.68374723003651
947,1979-12,1979.0,12.0,0.9509138934319883,2.4232796549551088
948,1980-01,1980.0,1.0,-0.6702673212661681,1.4444608696532648
949,1980-02,1980.0,2.0,1.771503308025606,2.569876002319222
950,1980-03,1980.0,3.0,-0.6069341031524447,6.061772812829863
951,1980-04,1980.0,4.0,-2.210087923569306,9.72342125690264
952,1980-05,1980.0,5.0,-2.392705265554236,13.934640749425204
953,1980-06,1980.0,6.0,-2.9196952876259488,17.606361954292616
954,1980-07,1980.0,7.0,-3.4849471081420766,19.884947108142075
955,1980-08,1980.0,8.0,-0.33024758235318785,19.12057016299835
956,1980-09,1980.0,9.0,-0.09249879197625432,15.515832125309585
957,1980-10,1980.0,10.0,-1.9280797979223312,10.711950765664271
958,1980-11,1980.0,11.0,-1.9190179993388967,5.695684666005563
959,1980-12,1980.0,12.0,-2.708165151960321,2.433971603573224
960,1981-01,1981.0,1.0,-2.147500174616489,1.4571775939713274
961,1981-02,1981.0,2.0,-3.020119825275447,2.5808341109897324
962,1981-03,1981.0,3.0,1.833691626601114,6.072759986302113
963,1981-04,1981.0,4.0,0.7503789355961636,9.732954397737169
964,1981-05,1981.0,5.0,-1.457639173597812,13.938284334888136
965,1981-06,1981.0,6.0,-1.1380741493221223,17.614740815988796
966,1981-07,1981.0,7.0,-2.6342070384025362,19.89549736098318
967,1981-08,1981.0,8.0,-0.6127872515573287,19.13214209026701
968,1981-09,1981.0,9.0,-0.28855314602071047,15.521886479354043
969,1981-10,1981.0,10.0,-0.6933886426263403,10.72887251359408
970,1981-11,1981.0,11.0,-1.3076221019746148,5.707622101974615
971,1981-12,1981.0,12.0,-0.45756677799779055,2.444663552191339
972,1982-01,1982.0,1.0,1.5430089075170614,1.4698943182893904
973,1982-02,1982.0,2.0,-0.22036364823166998,2.5917922196602423
974,1982-03,1982.0,3.0,-1.0772955468711363,6.083747159774362
975,1982-04,1982.0,4.0,-0.9024875385716964,9.742487538571698
976,1982-05,1982.0,5.0,-0.580637597770421,13.941927920351066
977,1982-06,1982.0,6.0,-0.2931196776849774,17.623119677684972
978,1982-07,1982.0,7.0,0.3391136764982967,19.906047613824285
979,1982-08,1982.0,8.0,-1.1985527272130874,19.14371401753567
980,1982-09,1982.0,9.0,0.4953924999348285,15.527940833398501
981,1982-10,1982.0,10.0,-1.0038587776529244,10.74579426152389
982,1982-11,1982.0,11.0,0.4471071287230002,5.719559537943668
983,1982-12,1982.0,12.0,1.2769025637066749,2.4553555008094543
984,1983-01,1983.0,1.0,0.5786792799731915,1.482611042607453
985,1983-02,1983.0,2.0,-2.2491788997593236,2.6027503283307523
986,1983-03,1983.0,3.0,-0.14957304292403162,6.094734333246612
987,1983-04,1983.0,4.0,-0.8586873460728928,9.752020679406227
988,1983-05,1983.0,5.0,-2.777829570330127,13.945571505813998
989,1983-06,1983.0,6.0,0.03850146061884985,17.631498539381152
990,1983-07,1983.0,7.0,2.757595681721707,19.916597866665388
991,1983-08,1983.0,8.0,0.21890760358276395,19.155285944804334
992,1983-09,1983.0,9.0,0.3726714792237118,15.533995187442958
993,1983-10,1983.0,10.0,-0.3272321384859591,10.762716009453701
994,1983-11,1983.0,11.0,-0.5581636405793882,5.73149697391272
995,1983-12,1983.0,12.0,-0.28862809458885996,2.4660474494275695
996,1984-01,1984.0,1.0,0.291769007268033,1.4953277669255156
997,1984-02,1984.0,2.0,-1.1240532645874697,2.6137084370012627
998,1984-03,1984.0,3.0,-2.6379795712349905,6.1057215067188615
999,1984-04,1984.0,4.0,-1.4515538202407576,9.761553820240756
1000,1984-05,1984.0,5.0,-3.5879247686962845,13.94921509127693
1001,1984-06,1984.0,6.0,-1.5698774010773313,17.639877401077328
1002,1984-07,1984.0,7.0,-0.36263199047423456,19.927148119506494
1003,1984-08,1984.0,8.0,-0.7991159365891178,19.166857872072992
1004,1984-09,1984.0,9.0,-1.6633828748207513,15.540049541487416
1005,1984-10,1984.0,10.0,-0.17641195093189665,10.77963775738351
1006,1984-11,1984.0,11.0,0.6998989234515616,5.743434409881773
1007,1984-12,1984.0,12.0,0.3458412471156054,2.4767393980456847
1008,1985-01,1985.0,1.0,-4.9241735235016435,1.5080444912435786
1009,1985-02,1985.0,2.0,-2.549666545671773,2.6246665456717726
1010,1985-03,1985.0,3.0,-3.0489667447072404,6.1167086801911115
1011,1985-04,1985.0,4.0,-0.3877536277419509,9.771086961075286
1012,1985-05,1985.0,5.0,-1.5722135154495387,13.95285867673986
1013,1985-06,1985.0,6.0,-2.3549229294401766,17.648256262773508
1014,1985-07,1985.0,7.0,0.3913338857169215,19.937698372347597
1015,1985-08,1985.0,8.0,-0.9235910896642316,19.178429799341654
1016,1985-09,1985.0,9.0,0.8105627711347925,15.546103895531873
1017,1985-10,1985.0,10.0,0.43892436565442594,10.796559505313319
1018,1985-11,1985.0,11.0,-2.8320385125174923,5.755371845850825
1019,1985-12,1985.0,12.0,0.2254718791426522,2.4874313466638
1020,1986-01,1986.0,1.0,-0.017535409110028377,1.5207612155616412
1021,1986-02,1986.0,2.0,-4.453481797199426,2.6356246543422825
1022,1986-03,1986.0,3.0,-1.469631337534329,6.1276958536633614
1023,1986-04,1986.0,4.0,-2.84728676857648,9.780620101909815
1024,1986-05,1986.0,5.0,1.4402719313455972,13.956502262202791
1025,1986-06,1986.0,6.0,-0.4699684578030201,17.656635124469684
1026,1986-07,1986.0,7.0,-0.15147443164032026,19.948248625188704
1027,1986-08,1986.0,8.0,-0.7641952749974159,19.190001726610316
1028,1986-09,1986.0,9.0,-0.09882491624300016,15.552158249576332
1029,1986-10,1986.0,10.0,1.0220026177246115,10.813481253243129
1030,1986-11,1986.0,11.0,-0.7739759484865454,5.767309281819877
1031,1986-12,1986.0,12.0,-0.1626394243141731,2.498123295281915
1032,1987-01,1987.0,1.0,-3.414123101170026,1.5334779398797036
1033,1987-02,1987.0,2.0,-0.29658276301279374,2.646582763012793
1034,1987-03,1987.0,3.0,-2.5870701239098035,6.1386830271356105
1035,1987-04,1987.0,4.0,0.13984675725565765,9.790153242744342
1036,1987-05,1987.0,5.0,-2.9020813315366887,13.960145847665723
1037,1987-06,1987.0,6.0,-2.3650139861658577,17.66501398616586
1038,1987-07,1987.0,7.0,-0.5458956522233578,19.958798878029807
1039,1987-08,1987.0,8.0,-0.39512204097574966,19.201573653878974
1040,1987-09,1987.0,9.0,1.9784540630458771,15.558212603620788
1041,1987-10,1987.0,10.0,0.7534679665689943,10.83040300117294
1042,1987-11,1987.0,11.0,0.4474199488777364,5.779246717788929
1043,1987-12,1987.0,12.0,0.7911847560999696,2.50881524390003
1044,1988-01,1988.0,1.0,2.769934368060299,1.5461946641977669
1045,1988-02,1988.0,2.0,-0.002368457890199238,2.657540871683303
1046,1988-03,1988.0,3.0,-1.0367669748014094,6.1496702006078605
1047,1988-04,1988.0,4.0,-0.43635305024553794,9.799686383578871
1048,1988-05,1988.0,5.0,-0.015402336354458868,13.963789433128653
1049,1988-06,1988.0,6.0,-0.7933928478620409,17.67339284786204
1050,1988-07,1988.0,7.0,-1.098381388935433,19.96934913087091
1051,1988-08,1988.0,8.0,0.2933060317555878,19.213145581147636
1052,1988-09,1988.0,9.0,-0.5676002909985804,15.564266957665247
1053,1988-10,1988.0,10.0,0.7075139605746745,10.847324749102748
1054,1988-11,1988.0,11.0,-1.1345174870913155,5.791184153757982
1055,1988-12,1988.0,12.0,0.37404119457863017,2.5195071925181454
1056,1989-01,1989.0,1.0,-0.055685582064216144,1.5589113885158294
1057,1989-02,1989.0,2.0,0.40650101964618734,2.668498980353813
1058,1989-03,1989.0,3.0,1.8683748839844068,6.16065737408011
1059,1989-04,1989.0,4.0,-1.6825528577467317,9.8092195244134
1060,1989-05,1989.0,5.0,1.2906314975374453,13.967433018591585
1061,1989-06,1989.0,6.0,-0.3684383762248835,17.681771709558216
1062,1989-07,1989.0,7.0,0.9749393259654084,19.979899383712016
1063,1989-08,1989.0,8.0,0.7043147496482227,19.224717508416294
1064,1989-09,1989.0,9.0,0.1596786882902954,15.570321311709705
1065,1989-10,1989.0,10.0,0.3325276965158306,10.864246497032557
1066,1989-11,1989.0,11.0,-1.4964549230603668,5.803121589727034
1067,1989-12,1989.0,12.0,1.3794782782185773,2.530199141136261
1068,1990-01,1990.0,1.0,-0.013563596704859737,1.571628112833892
1069,1990-02,1990.0,2.0,4.174114339547105,2.6794570890243232
1070,1990-03,1990.0,3.0,1.5057748072863522,6.17164454755236
1071,1990-04,1990.0,4.0,-1.4520859985812624,9.81875266524793
1072,1990-05,1990.0,5.0,1.7902137185261324,13.971076604054515
1073,1990-06,1990.0,6.0,-1.086817237921064,17.690150571254396
1074,1990-07,1990.0,7.0,0.006324556995270569,19.99044963655312
1075,1990-08,1990.0,8.0,1.0508073385085979,19.236289435684956
1076,1990-09,1990.0,9.0,-0.27970899908749836,15.576375665754162
1077,1990-10,1990.0,10.0,1.2091543356827934,10.881168244962367
1078,1990-11,1990.0,11.0,-0.15505902569608754,5.815059025696087
1079,1990-12,1990.0,12.0,-1.2183104445930857,2.540891089754376
1080,1991-01,1991.0,1.0,0.9833970983319156,1.584344837151955
1081,1991-02,1991.0,2.0,-2.5618437691234046,2.690415197694833
1082,1991-03,1991.0,3.0,1.6399489241366814,6.18263172102461
1083,1991-04,1991.0,4.0,-1.3516191394157904,9.828285806082459
1084,1991-05,1991.0,5.0,-2.632784705646479,13.974720189517447
1085,1991-06,1991.0,6.0,-1.0885294329505726,17.698529432950572
1086,1991-07,1991.0,7.0,1.1860968847993263,20.000999889394226
1087,1991-08,1991.0,8.0,2.06181605640122,19.247861362953618
1088,1991-09,1991.0,9.0,2.277569980201376,15.58243001979862
1089,1991-10,1991.0,10.0,-1.0819609606341114,10.898089992892176
1090,1991-11,1991.0,11.0,-0.1369964616651389,5.826996461665139
1091,1991-12,1991.0,12.0,-1.0677120706305558,2.5515830383724913
1092,1992-01,1992.0,1.0,-1.248674464695824,1.5970615614700177
1093,1992-02,1992.0,2.0,0.19862669363465635,2.701373306365343
1094,1992-03,1992.0,3.0,0.6547682022773342,6.193618894496859
1095,1992-04,1992.0,4.0,0.2755143864163472,9.837818946916988
1096,1992-05,1992.0,5.0,1.653894289535753,13.978363774980378
1097,1992-06,1992.0,6.0,-1.1069082946467503,17.70690829464675
1098,1992-07,1992.0,7.0,0.15941759970015212,20.01155014223533
1099,1992-08,1992.0,8.0,2.763147354939015,19.259433290222276
1100,1992-09,1992.0,9.0,0.11484895949025464,15.588484373843077
1101,1992-10,1992.0,10.0,-1.421463353725212,10.915011740821987
1102,1992-11,1992.0,11.0,1.4043994356991396,5.838933897634192
1103,1992-12,1992.0,12.0,0.05707985171907204,2.5622749869906065
1104,1993-01,1993.0,1.0,1.7386088109861126,1.6097782857880802
1105,1993-02,1993.0,2.0,-1.858759986464425,2.7123314150358535
1106,1993-03,1993.0,3.0,-0.7981544550658839,6.204606067969109
1107,1993-04,1993.0,4.0,0.7926479122484835,9.847352087751515
1108,1993-05,1993.0,5.0,0.7857345750405607,13.982007360443308
1109,1993-06,1993.0,6.0,0.2313795103237375,17.715287156342928
1110,1993-07,1993.0,7.0,-1.2221003950764384,20.022100395076436
1111,1993-08,1993.0,8.0,0.587059298638092,19.271005217490938
1112,1993-09,1993.0,9.0,-1.5745387278875356,15.594538727887535
1113,1993-10,1993.0,10.0,-1.7222560693969573,10.931933488751795
1114,1993-11,1993.0,11.0,-1.9108713336032448,5.850871333603244
1115,1993-12,1993.0,12.0,2.1012266127783756,2.5729669356087217
1116,1994-01,1994.0,1.0,1.8807307963454702,1.6224950101061433
1117,1994-02,1994.0,2.0,1.1945676191507784,2.7232895237063635
1118,1994-03,1994.0,3.0,3.8908583714618725,6.215593241441358
1119,1994-04,1994.0,4.0,-1.660218561919379,9.856885228586044
1120,1994-05,1994.0,5.0,0.7788651831260172,13.98565094590624
1121,1994-06,1994.0,6.0,0.29300064862755804,17.723666018039104
1122,1994-07,1994.0,7.0,2.5770267714372963,20.03265064791754
1123,1994-08,1994.0,8.0,1.8367776939500793,19.282577144759596
1124,1994-09,1994.0,9.0,-0.520593081931997,15.600593081931994
1125,1994-10,1994.0,10.0,0.2382415375119411,10.948855236681606
1126,1994-11,1994.0,11.0,2.900524563761037,5.862808769572297
1127,1994-12,1994.0,12.0,2.2292443415796153,2.583658884226837
1128,1995-01,1995.0,1.0,0.14865923331772968,1.6352117344242059
1129,1995-02,1995.0,2.0,3.2478952247659825,2.7342476323768734
1130,1995-03,1995.0,3.0,-1.1007739633007052,6.226580414913608
1131,1995-04,1995.0,4.0,0.27691496391275905,9.866418369420574
1132,1995-05,1995.0,5.0,-0.2989719507240096,13.989294531369172
1133,1995-06,1995.0,6.0,-1.4120448797352836,17.732044879735284
1134,1995-07,1995.0,7.0,2.1374442605316766,20.043200900758645
1135,1995-08,1995.0,8.0,0.2574638311975441,19.294149072028258
1136,1995-09,1995.0,9.0,-2.1766474359764487,15.60664743597645
1137,1995-10,1995.0,10.0,2.9439004347434263,10.965776984611415
1138,1995-11,1995.0,11.0,-0.2514128722080162,5.874746205541349
1139,1995-12,1995.0,12.0,-0.07177018768366228,2.594350832844952
1140,1996-01,1996.0,1.0,1.1004586380319252,1.6479284587422685
1141,1996-02,1996.0,2.0,-1.2176195341508322,2.745205741047384
1142,1996-03,1996.0,3.0,-1.4698256529019869,6.237567588385858
1143,1996-04,1996.0,4.0,0.22404848974489688,9.875951510255103
1144,1996-05,1996.0,5.0,-0.2445510200579104,13.992938116832102
1145,1996-06,1996.0,6.0,0.7095762585685357,17.74042374143146
1146,1996-07,1996.0,7.0,-1.2666543794062015,20.053751153599748
1147,1996-08,1996.0,8.0,-1.060559708974342,19.30572099929692
1148,1996-09,1996.0,9.0,-2.8227017900209113,15.612701790020909
1149,1996-10,1996.0,10.0,-0.2956019583476781,10.982698732541225
1150,1996-11,1996.0,11.0,-0.05335030817706876,5.886683641510402
1151,1996-12,1996.0,12.0,-0.3373008459791964,2.6050427814630672
1152,1997-01,1997.0,1.0,-0.9735484088667831,1.6606451830603315
1153,1997-02,1997.0,2.0,2.40812186456782,2.7561638497178937
1154,1997-03,1997.0,3.0,1.6191871736257637,6.248554761858107
1155,1997-04,1997.0,4.0,-0.16215131775629743,9.885484651089632
1156,1997-05,1997.0,5.0,0.5389021686727116,13.996581702295034
1157,1997-06,1997.0,6.0,-0.8454692697943074,17.74880260312764
1158,1997-07,1997.0,7.0,-1.8062368903118227,20.064301406440855
1159,1997-08,1997.0,8.0,1.5472232024666788,19.317292926565578
1160,1997-09,1997.0,9.0,1.1179105226013029,15.618756144065365
1161,1997-10,1997.0,10.0,-0.2351043514387765,10.999620480471034
1162,1997-11,1997.0,11.0,0.24471225585387746,5.898621077479454
1163,1997-12,1997.0,12.0,0.9487813989510747,2.615734730081183
1164,1998-01,1998.0,1.0,1.52018647971838,1.673361907378394
1165,1998-02,1998.0,2.0,1.2507351844687395,2.7671219583884037
1166,1998-03,1998.0,3.0,0.8243290324115797,6.259541935330357
1167,1998-04,1998.0,4.0,-0.5483511252574953,9.895017791924161
1168,1998-05,1998.0,5.0,1.79332309933881,14.000225287757965
1169,1998-06,1998.0,6.0,0.5961518685095193,17.757181464823816
1170,1998-07,1998.0,7.0,1.0445031794277178,20.074851659281958
1171,1998-08,1998.0,8.0,0.7066190171335087,19.32886485383424
1172,1998-09,1998.0,9.0,-0.7081438314431594,15.624810498109824
1173,1998-10,1998.0,10.0,0.26087712643786354,11.016542228400844
1174,1998-11,1998.0,11.0,-2.5405585134485067,5.910558513448507
1175,1998-12,1998.0,12.0,-1.1844911948283299,2.626426678699298
1176,1999-01,1999.0,1.0,0.9365020134648332,1.686078631696457
1177,1999-02,1999.0,2.0,-1.0316514956303426,2.778080067058914
1178,1999-03,1999.0,3.0,0.8488257299070732,6.270529108802606
1179,1999-04,1999.0,4.0,-0.16788426609202745,9.90455093275869
1180,1999-05,1999.0,5.0,2.6703246751661958,14.003868873220895
1181,1999-06,1999.0,6.0,-0.6855603265199974,17.765560326519996
1182,1999-07,1999.0,7.0,0.8791142169091906,20.085401912123064
1183,1999-08,1999.0,8.0,0.5724664447035472,19.340436781102902
1184,1999-09,1999.0,9.0,2.572468481179051,15.630864852154282
1185,1999-10,1999.0,10.0,0.33427795915321745,11.033463976330653
1186,1999-11,1999.0,11.0,-1.475829282750893,5.922495949417559
1187,1999-12,1999.0,12.0,0.8725587920374256,2.637118627317413
1188,2000-01,2000.0,1.0,-0.37621471085322966,1.6987953560145197
1189,2000-02,2000.0,2.0,2.1350997553050575,2.789038175729424
1190,2000-03,2000.0,3.0,0.8475159757896584,6.281516282274856
1191,2000-04,2000.0,4.0,0.869249259740112,9.914084073593218
1192,2000-05,2000.0,5.0,2.5247456058323046,14.007512458683827
1193,2000-06,2000.0,6.0,2.0760608117838295,17.773939188216172
1194,2000-07,2000.0,7.0,-1.5798231327061067,20.095952164964167
1195,2000-08,2000.0,8.0,1.3641203238865067,19.35200870837156
1196,2000-09,2000.0,9.0,1.1897474604679292,15.636919206198739
1197,2000-10,2000.0,10.0,1.1044529854169518,11.050385724260464
1198,2000-11,2000.0,11.0,1.3788999479467225,5.934433385386612
1199,2000-12,2000.0,12.0,2.671544262774148,2.6478105759355284
1200,2001-01,2001.0,1.0,1.6465524357964503,1.7115120803325823
1201,2001-02,2001.0,2.0,1.900003715600068,2.799996284399934
1202,2001-03,2001.0,3.0,2.4978191248980544,6.292503455747106
1203,2001-04,2001.0,4.0,-1.5169505477610787,9.923617214427747
1204,2001-05,2001.0,5.0,2.295295568756462,14.011156044146759
1205,2001-06,2001.0,6.0,-0.6923180499123482,17.782318049912348
1206,2001-07,2001.0,7.0,-0.03553467586978343,20.10650241780527
1207,2001-08,2001.0,8.0,0.7880322675855922,19.363580635640222
1208,2001-09,2001.0,9.0,-2.876306893576528,15.642973560243197
1209,2001-10,2001.0,10.0,2.984305431035537,11.067307472190272
1210,2001-11,2001.0,11.0,-1.6863708213556627,5.946370821355664
1211,2001-12,2001.0,12.0,-1.1423734922955793,2.6585025245536436
1212,2002-01,2002.0,1.0,-0.24680944981193575,1.7242288046506453
1213,2002-02,2002.0,2.0,3.44975989264384,2.8109543930704444
1214,2002-03,2002.0,3.0,1.2642513062645158,6.303490629219355
1215,2002-04,2002.0,4.0,0.3368496447377254,9.933150355262276
1216,2002-05,2002.0,5.0,-0.6986705973516241,14.014799629609689
1217,2002-06,2002.0,6.0,2.612636421724801,17.790696911608528
1218,2002-07,2002.0,7.0,-0.3912462190334729,20.117052670646377
1219,2002-08,2002.0,8.0,-1.020313853231464,19.37515256290888
1220,2002-09,2002.0,9.0,-0.9123612476209804,15.649027914287654
1221,2002-10,2002.0,10.0,0.3093191669766924,11.084229220120083
1222,2002-11,2002.0,11.0,1.8216917426752826,5.958308257324717
1223,2002-12,2002.0,12.0,2.969515204247596,2.6691944731717587
1224,2003-01,2003.0,1.0,-0.17242939993644968,1.736945528968708
1225,2003-02,2003.0,2.0,-2.518341073169526,2.8219125017409543
1226,2003-03,2003.0,3.0,1.5855221973083955,6.314477802691605
1227,2003-04,2003.0,4.0,0.7939831705698612,9.942683496096805
1228,2003-05,2003.0,5.0,1.8009116236370595,14.01844321507262
1229,2003-06,2003.0,6.0,6.247590893361959,17.799075773304704
1230,2003-07,2003.0,7.0,2.2530422378028447,20.12760292348748
1231,2003-08,2003.0,8.0,4.500372284016013,19.386724490177542
1232,2003-09,2003.0,9.0,-0.015082268332109905,15.655082268332112
1233,2003-10,2003.0,10.0,-2.455989677727313,11.101150968049891
1234,2003-11,2003.0,11.0,-0.010245693293771119,5.970245693293769
1235,2003-12,2003.0,12.0,0.41043615885528784,2.679886421789874
1236,2004-01,2004.0,1.0,0.927757101551939,1.7496622532867705
1237,2004-02,2004.0,2.0,0.5360949068299146,2.8328706104114643
1238,2004-03,2004.0,3.0,-0.9383682019703059,6.325464976163854
1239,2004-04,2004.0,4.0,0.4711166964019995,9.952216636931334
1240,2004-05,2004.0,5.0,-0.09628034892264203,14.02208680053555
1241,2004-06,2004.0,6.0,0.9958786983324508,17.807454635000884
1242,2004-07,2004.0,7.0,-0.05750801503826253,20.138153176328586
1243,2004-08,2004.0,8.0,0.7017035825537903,19.398296417446204
1244,2004-09,2004.0,9.0,0.7555300442900972,15.66113662237657
1245,2004-10,2004.0,10.0,2.436765993697719,11.118072715979702
1246,2004-11,2004.0,11.0,-0.058849795929487136,5.982183129262822
1247,2004-12,2004.0,12.0,0.15135711346297853,2.690578370407989
1248,2005-01,2005.0,1.0,-0.446249945346769,1.7623789776048335
1249,2005-02,2005.0,2.0,-2.290257290510546,2.8438287190819747
1250,2005-03,2005.0,3.0,0.4312897858477678,6.336452149636104
1251,2005-04,2005.0,4.0,0.56158355556747,9.961749777765863
1252,2005-05,2005.0,5.0,1.2936244527111942,14.025730385998482
1253,2005-06,2005.0,6.0,2.7008331699696058,17.81583349669706
1254,2005-07,2005.0,7.0,0.7351675385722451,20.14870342916969
1255,2005-08,2005.0,8.0,-0.8324489898761485,19.409868344714862
1256,2005-09,2005.0,9.0,1.2294756902456374,15.667190976421027
1257,2005-10,2005.0,10.0,0.5488765038324246,11.13499446390951
1258,2005-11,2005.0,11.0,-1.1541205652318753,5.994120565231874
1259,2005-12,2005.0,12.0,-2.256109028703524,2.7012703190261043
1260,2006-01,2006.0,1.0,-1.4976763470841865,1.7750957019228961
1261,2006-02,2006.0,2.0,-1.4476439706096274,2.8547868277524846
1262,2006-03,2006.0,3.0,-1.2796973876244833,6.347439323108354
1263,2006-04,2006.0,4.0,0.20538374806627502,9.971282918600393
1264,2006-05,2006.0,5.0,0.48352925434503824,14.029373971461414
1265,2006-06,2006.0,6.0,1.7224543082734236,17.82421235839324
1266,2006-07,2006.0,7.0,3.550423737344044,20.159253682010796
1267,2006-08,2006.0,8.0,-2.602085433273846,19.421440271983524
1268,2006-09,2006.0,9.0,2.280088002867844,15.673245330465486
1269,2006-10,2006.0,10.0,2.4480837881606803,11.151916211839321
1270,2006-11,2006.0,11.0,1.6572753321324063,6.006058001200927
1271,2006-12,2006.0,12.0,0.6396506355815865,2.7119622676442194
1272,2007-01,2007.0,1.0,2.496058541500978,1.7878124262409587
1273,2007-02,2007.0,2.0,2.744969349291291,2.8657449364229945
1274,2007-03,2007.0,3.0,0.34479930987101337,6.358426496580603
1275,2007-04,2007.0,4.0,4.34918394056508,9.98081605943492
1276,2007-05,2007.0,5.0,1.2540792172692043,14.033017556924344
1277,2007-06,2007.0,6.0,0.7574087799105769,17.832591220089416
1278,2007-07,2007.0,7.0,-1.302061999368025,20.1698039348519
1279,2007-08,2007.0,8.0,-0.7588186508650878,19.433012199252182
1280,2007-09,2007.0,9.0,-1.0059663511766086,15.679299684509942
1281,2007-10,2007.0,10.0,-0.3978702178336455,11.16883795976913
1282,2007-11,2007.0,11.0,-1.8379954371699778,6.017995437169978
1283,2007-12,2007.0,12.0,-0.4549122807784629,2.7226542162623346
1284,2008-01,2008.0,1.0,1.9543095591183972,1.8005291505590217
1285,2008-02,2008.0,2.0,1.0405383342168402,2.876703045093505
1286,2008-03,2008.0,3.0,-0.33715560553672486,6.369413670052853
1287,2008-04,2008.0,4.0,-0.8236825336027849,9.99034920026945
1288,2008-05,2008.0,5.0,1.7310807930965986,14.036661142387276
1289,2008-06,2008.0,6.0,0.6823632515477414,17.840970081785592
1290,2008-07,2008.0,7.0,-0.22551547801558414,20.180354187693005
1291,2008-08,2008.0,8.0,-0.15103573942407067,19.444584126520844
1292,2008-09,2008.0,9.0,-1.5720207052210657,15.6853540385544
1293,2008-10,2008.0,10.0,-0.005114546408622189,11.18575970769894
1294,2008-11,2008.0,11.0,0.226733793527635,6.029932873139031
1295,2008-12,2008.0,12.0,-1.1107655197191597,2.73334616488045
1296,2009-01,2009.0,1.0,-2.058407165199665,1.8132458748770843
1297,2009-02,2009.0,2.0,-1.1090897251925866,2.887661153764015
1298,2009-03,2009.0,3.0,-0.07072342417026434,6.380400843525102
1299,2009-04,2009.0,4.0,2.3934509922293543,9.999882341103978
1300,2009-05,2009.0,5.0,2.9242114011820473,14.040304727850208
1301,2009-06,2009.0,6.0,0.3706510565182235,17.849348943481772
1302,2009-07,2009.0,7.0,0.30264394656266447,20.19090444053411
1303,2009-08,2009.0,8.0,1.7567471720169472,19.456156053789506
1304,2009-09,2009.0,9.0,0.8885916074011391,15.69140839259886
1305,2009-10,2009.0,10.0,-0.5671975846610096,11.202681455628749
1306,2009-11,2009.0,11.0,1.7547963575585834,6.041870309108083
1307,2009-12,2009.0,12.0,-0.424683274788888,2.744038113498565
1308,2010-01,2010.0,1.0,-2.2098335669370823,1.8259625991951467
1309,2010-02,2010.0,2.0,-0.9021906910059532,2.898619262434525
1310,2010-03,2010.0,3.0,-0.8075170492554156,6.391388016997352
1311,2010-04,2010.0,4.0,1.0339178513948237,10.009415481938507
1312,2010-05,2010.0,5.0,-1.0084644423453941,14.043948313313138
1313,2010-06,2010.0,6.0,-0.21439447184461358,17.857727805177948
1314,2010-07,2010.0,7.0,1.9308033711409145,20.201454693375215
1315,2010-08,2010.0,8.0,-0.7483731423484841,19.467727981058164
1316,2010-09,2010.0,9.0,-1.324129413309981,15.697462746643316
1317,2010-10,2010.0,10.0,-1.1325064293650104,11.21960320355856
1318,2010-11,2010.0,11.0,0.22285892158953047,6.053807745077136
1319,2010-12,2010.0,12.0,-2.480536513729583,2.75473006211668
1320,2011-01,2011.0,1.0,0.690352934551306,1.83867932351321
1321,2011-02,2011.0,2.0,0.19399405746639298,2.9095773711050352
1322,2011-03,2011.0,3.0,0.8427860998529777,6.402375190469602
1323,2011-04,2011.0,4.0,3.1543847105602936,10.018948622773037
1324,2011-05,2011.0,5.0,2.2040210044497393,14.04759189877607
1325,2011-06,2011.0,6.0,-0.052773333540795164,17.866106666874128
1326,2011-07,2011.0,7.0,-2.4087791397647074,20.212004946216318
1327,2011-08,2011.0,8.0,0.7626355755441381,19.479299908326826
1328,2011-09,2011.0,9.0,1.516482899312221,15.703517100687774
1329,2011-10,2011.0,10.0,-0.23007333858513945,11.236524951488368
1330,2011-11,2011.0,11.0,0.4542548189538129,6.065745181046188
1331,2011-12,2011.0,12.0,1.392642505394237,2.7654220107347953
1332,2012-01,2012.0,1.0,1.067958790878404,1.8513960478312725
1333,2012-02,2012.0,2.0,-4.992949272878994,2.920535479775545
1334,2012-03,2012.0,3.0,2.157605377993634,6.413362363941851
1335,2012-04,2012.0,4.0,0.1848515697257671,10.028481763607566
1336,2012-05,2012.0,5.0,1.0584419351158392,14.051235484239001
1337,2012-06,2012.0,6.0,1.192181138096359,17.874485528570304
1338,2012-07,2012.0,7.0,-0.43223261841226446,20.222555199057425
1339,2012-08,2012.0,8.0,1.1962249385980712,19.490871835595485
1340,2012-09,2012.0,9.0,-0.16290478806556763,15.709571454732231
1341,2012-10,2012.0,10.0,-0.034091860708498345,11.253446699418179
1342,2012-11,2012.0,11.0,0.9589840496514261,6.077682617015241
1343,2012-12,2012.0,12.0,0.17872475032450907,2.7761139593529105
1344,2013-01,2013.0,1.0,-0.5608869656977222,1.8641127721493351
1345,2013-02,2013.0,2.0,-2.549350731303198,2.931493588446055
1346,2013-03,2013.0,3.0,-2.240478569672164,6.424349537414101
1347,2013-04,2013.0,4.0,0.21531842889124064,10.038014904442093
1348,2013-05,2013.0,5.0,-2.5387500374438687,14.054879069701931
1349,2013-06,2013.0,6.0,-0.9195310569331525,17.882864390266484
1350,2013-07,2013.0,7.0,1.266894548101476,20.233105451898528
1351,2013-08,2013.0,8.0,0.49433043068424354,19.502443762864146
1352,2013-09,2013.0,9.0,0.20437419122331058,15.71562580877669
1353,2013-10,2013.0,10.0,1.526405746200398,11.270368447347987
1354,2013-11,2013.0,11.0,-0.1896200529842913,6.089620052984293
1355,2013-12,2013.0,12.0,-1.2448704241000579,2.7868059079710257
1356,2014-01,2014.0,1.0,2.2296221164358276,1.8768294964673982
1357,2014-02,2014.0,2.0,1.84326258859772,2.9424516971165655
1358,2014-03,2014.0,3.0,1.3485342568555865,6.43533671088635
1359,2014-04,2014.0,4.0,1.7824519547233795,10.047548045276622
1360,2014-05,2014.0,5.0,-0.5198129777455076,14.058522655164863
1361,2014-06,2014.0,6.0,1.2554234147040013,17.89124325196266
1362,2014-07,2014.0,7.0,-1.840429898288022,20.24365570473963
1363,2014-08,2014.0,8.0,-1.5398221417457059,19.51401569013281
1364,2014-09,2014.0,9.0,0.974986503845523,15.721680162821146
1365,2014-10,2014.0,10.0,2.406258191818976,11.287290195277798
1366,2014-11,2014.0,11.0,2.115109177713321,6.101557488953346
1367,2014-12,2014.0,12.0,1.4637924659915034,2.7974978565891413
1368,2015-01,2015.0,1.0,0.7040021663113141,1.8895462207854608
1369,2015-02,2015.0,2.0,-1.2891240915013606,2.953409805787075
1370,2015-03,2015.0,3.0,0.8827083737059178,6.4463238843586
1371,2015-04,2015.0,4.0,1.116252147222184,10.057081186111152
1372,2015-05,2015.0,5.0,1.2442853722754315,14.062166240627793
1373,2015-06,2015.0,6.0,2.003711219674493,17.899622113658836
1374,2015-07,2015.0,7.0,3.942568235967652,20.254205957580737
1375,2015-08,2015.0,8.0,1.2905414148566017,19.525587617401467
1376,2015-09,2015.0,9.0,-0.9710678501989349,15.727734516865604
1377,2015-10,2015.0,10.0,-1.207437749659217,11.304211943207607
1378,2015-11,2015.0,11.0,0.996505075077601,6.113494924922398
1379,2015-12,2015.0,12.0,1.111165033502421,2.8081898052072565
1380,2016-01,2016.0,1.0,2.2590273774771217,1.9022629451035233
1381,2016-02,2016.0,2.0,2.0149424303700014,2.9643679144575854
1382,2016-03,2016.0,3.0,-0.7347304126695597,6.45731105783085
1383,2016-04,2016.0,4.0,-0.08661432694568205,10.06661432694568
1384,2016-05,2016.0,5.0,-0.756132406735885,14.065809826090724
1385,2016-06,2016.0,6.0,-0.2180009753550145,17.908000975355016
1386,2016-07,2016.0,7.0,0.5578244347394516,20.26475621042184
1387,2016-08,2016.0,8.0,0.8660662617814836,19.53715954467013
1388,2016-09,2016.0,9.0,2.7662111290899407,15.733788870910063
1389,2016-10,2016.0,10.0,-1.401778852427741,11.321133691137417
1390,2016-11,2016.0,11.0,0.04790097244188285,6.125432360891451
1391,2016-12,2016.0,12.0,-1.4672688505995652,2.8188817538253716
1392,2017-01,2017.0,1.0,-2.8472377339377157,1.9149796694215864
1393,2017-02,2017.0,2.0,1.817531119729047,2.975326023128096
1394,2017-03,2017.0,3.0,2.26395983321303,6.468298231303099
1395,2017-04,2017.0,4.0,0.39718586555312285,10.07614746778021
1396,2017-05,2017.0,5.0,0.9757078787689277,14.069453411553656
1397,2017-06,2017.0,6.0,2.9536201629488055,17.916379837051192
1398,2017-07,2017.0,7.0,1.0892096657693138,20.275306463262947
1399,2017-08,2017.0,8.0,1.6061072377386267,19.548731471938787
1400,2017-09,2017.0,9.0,-1.689843224954517,15.73984322495452
1401,2017-10,2017.0,10.0,0.4296864964166467,11.338055439067226
1402,2017-11,2017.0,11.0,-0.41070313019383775,6.137369796860503
1403,2017-12,2017.0,12.0,-0.3747349927660677,2.829573702443487
1404,2018-01,2018.0,1.0,4.069077799808738,1.927696393739649
1405,2018-02,2018.0,2.0,-1.7648555603700335,2.9862841317986053
1406,2018-03,2018.0,3.0,-1.1534789531624474,6.479285404775349
1407,2018-04,2018.0,4.0,3.1809860580519285,10.085680608614739
1408,2018-05,2018.0,5.0,1.4139997771769615,14.073096997016586
1409,2018-06,2018.0,6.0,1.7252413012526304,17.92475869874737
1410,2018-07,2018.0,7.0,1.9851110258314328,20.28585671610405
1411,2018-08,2018.0,8.0,2.1203417620828695,19.56030339920745
1412,2018-09,2018.0,9.0,2.1974357543343537,15.745897578998978
1413,2018-10,2018.0,10.0,0.9192163613900597,11.354977186997036
1414,2018-11,2018.0,11.0,0.7706927671704458,6.149307232829555
1415,2018-12,2018.0,12.0,2.017798865067429,2.840265651061602
1416,2019-01,2019.0,1.0,-0.15976795676738864,1.9404131180577116
1417,2019-02,2019.0,2.0,0.8777577595308839,2.9972422404691157
1418,2019-03,2019.0,3.0,1.6677919378814359,6.490272578247598
1419,2019-04,2019.0,4.0,0.16811958388406367,10.095213749449268
1420,2019-05,2019.0,5.0,-1.6831921953827447,14.076740582479518
1421,2019-06,2019.0,6.0,1.980195772889786,17.933137560443548
1422,2019-07,2019.0,7.0,2.348754321377424,20.296406968945156
1423,2019-08,2019.0,8.0,1.0539311251367955,19.57187532647611
1424,2019-09,2019.0,9.0,1.4680480669565679,15.751951933043435
1425,2019-10,2019.0,10.0,1.7861655812021873,11.371898934926845
1426,2019-11,2019.0,11.0,0.17542199786806112,6.1612446687986075
1427,2019-12,2019.0,12.0,2.0716230454815734,2.850957599679717
1428,2020-01,2020.0,1.0,1.192031447946806,1.9531298423757746
1429,2020-02,2020.0,2.0,4.081454823274165,3.008200349139626
1430,2020-03,2020.0,3.0,0.8955144418285395,6.501259751719848
1431,2020-04,2020.0,4.0,2.8585864430495374,10.104746890283796
1432,2020-05,2020.0,5.0,1.5486480901220663,14.08038416794245
1433,2020-06,2020.0,6.0,-0.014849755473061776,17.941516422139728
1434,2020-07,2020.0,7.0,1.8446556814395407,20.30695722178626
1435,2020-08,2020.0,8.0,1.5971979075455494,19.58344725374477
1436,2020-09,2020.0,9.0,1.5553270462454432,15.758006287087893
1437,2020-10,2020.0,10.0,-1.1243045538243983,11.388820682856654
1438,2020-11,2020.0,11.0,0.660151228565673,6.17318210476766
1439,2020-12,2020.0,12.0,1.0641569033150704,2.861649548297833
1440,2021-01,2021.0,1.0,0.363185691370679,1.9658465666938372
1441,2021-02,2021.0,2.0,2.5272701136184352,3.0191584578101356
1442,2021-03,2021.0,3.0,0.1813014619046749,6.512246925192098
1443,2021-04,2021.0,4.0,-0.6709466977849914,10.114280031118325
1444,2021-05,2021.0,5.0,-1.822737430824736,14.08402775340538
1445,2021-06,2021.0,6.0,1.9067713828307582,17.949895283835904
1446,2021-07,2021.0,7.0,-0.7658945714015566,20.317507474627366
1447,2021-08,2021.0,8.0,-3.7950191810134317,19.59501918101343
