Date,resid,f
1901-01,-0.7715351857825006,0.684438411588952
1901-02,-3.8455990408233274,1.606313326537613
1901-03,-0.5371204341659772,4.350023659972429
1901-04,1.5938455595053398,8.27615444049466
1901-05,0.88991765579497,13.152017828075998
1901-06,0.9030444649620232,17.023622201704644
1901-07,0.3873852322725474,19.0513244451468
1901-08,-0.6416952796834721,18.254598505489927
1901-09,0.3659977870807358,14.707335546252597
1901-10,-0.2506508840944998,9.592586367965465
1901-11,-1.702471935863711,4.692471935863711
1901-12,0.35955581510533596,1.2307667655398256
1902-01,0.9375896389557115,0.2720877803991273
1902-02,-0.4199258513445802,1.8449258513445805
1902-03,0.8058990147004992,5.113455824009177
1902-04,2.577641758605713,8.765691574727619
1902-05,-3.672209761163148,13.781887180517987
1902-06,-0.3235383810172652,16.356871714350596
1902-07,1.2798865633277234,18.51043601731744
1902-08,-0.7023522624667251,18.402352262466728
1902-09,-0.43557195164471846,14.732238618311381
1902-10,0.04400050281345452,9.326967239122029
1902-11,-1.0555554024449374,4.758888735778271
1902-12,-0.19896607222608947,1.327998330290606
1903-01,0.9598852257826322,0.17237283873349685
1903-02,1.186079955701465,1.881777187155678
1903-03,0.9494364201462276,5.344111966950545
1903-04,-2.4816102689795985,8.948276935646268
1903-05,0.33381944429600435,12.911341846026572
1903-06,-1.2181679200303046,16.5681679200303
1903-07,-0.5515231228856554,18.664426348692103
1903-08,0.03884730360444422,18.083733341556844
1903-09,0.6341835536130382,14.375816446386962
1903-10,0.9452311333800182,9.8096075762974
1903-11,0.30882998178382043,4.92117001821618
1903-12,-0.6156003633456616,1.412374556894049
1904-01,-0.5170541814257523,0.5718928911031715
1904-02,1.899969686048037,1.4448579001588588
1904-03,-0.4079636575617703,5.269253980142416
1904-04,1.9992970399167276,9.07070296008327
1904-05,1.3078628993825179,13.369556455456191
1904-06,0.6499534236022557,17.14337990973108
1904-07,2.3048574313925863,19.520949020220314
1904-08,1.5539920127883537,18.51374992269552
1904-09,-2.1249612056140332,15.421627872280702
1904-10,-0.018721112862784953,9.805817887056334
1904-11,-0.5099387732780091,4.463272106611342
1904-12,0.003673401409037824,1.8156814373006398
1905-01,-2.5485859512576496,0.7711665964189398
1905-02,0.3370436338162268,1.0308135090409163
1905-03,1.3625662913163663,5.4277562893287925
1905-04,1.0062603439253626,9.143739656074636
1905-05,-1.2724209717431585,13.401453229807677
1905-06,0.7858171777761475,17.040849488890515
1905-07,2.9580330321478066,19.03228954849735
1905-08,-0.25539028066039404,18.884422538724905
1905-09,-0.2632677639009731,15.346601097234304
1905-10,-3.5881431031178184,9.62685278053717
1905-11,0.344040173792296,4.3126264928743705
1905-12,-0.4827971015973711,1.7182809725651131
1906-01,1.5871366919679717,0.32254072738686723
1906-02,-1.7570331843982412,2.2641760415410985
1906-03,-0.7020846537469263,5.066600782779184
1906-04,0.2856512495191736,8.55768208381416
1906-05,0.15133377792952313,13.451892028522089
1906-06,0.31829256733606504,16.9283740993306
1906-07,0.6306385509553155,19.04032919098017
1906-08,1.3597652686554311,18.617654086183283
1906-09,-0.004261735466867728,15.067595068800198
1906-10,1.6441731290704464,9.93002041931665
1906-11,0.7820914707562472,5.357908529243755
1906-12,-3.085712559090642,1.8824867526390288
1907-01,-0.14944057242269831,0.35589218532592415
1907-02,-2.701555899933798,1.6515558999337983
1907-03,-0.6964261554105386,4.689974542507312
1907-04,-0.9260472373537574,8.79938057068709
1907-05,0.5508532928317065,12.884630578136033
1907-06,-0.4066005800000938,16.923267246666757
1907-07,-1.4973005571019251,19.081171524843867
1907-08,1.4205184965376751,17.805287955075233
1907-09,0.3814349925241254,14.951898340809207
1907-10,0.47658375610409287,9.978254953573327
1907-11,1.5582618026060608,4.791738197393937
1907-12,2.0173346307272713,1.9697621434662778
1908-01,-2.8762692980142273,1.2246563947884208
1908-02,0.5357799986216745,1.3297372427576357
1908-03,-0.5852243424117836,5.220708213379526
1908-04,-1.4841306499533924,8.927463983286724
1908-05,2.2978234632066328,12.924757181954659
1908-06,1.3085081345535818,17.174825198779754
1908-07,-0.7673502887243339,19.589930933885622
1908-08,-0.7955596666215947,18.243946763395794
1908-09,-0.2990262643309508,14.615692930997618
1908-10,-0.2152722942047975,9.860433584527376
1908-11,-1.0719436147423078,4.715276948075642
1908-12,-0.19246831468487635,1.415048959846167
1909-01,-1.842635843163896,0.6426358431638959
1909-02,-2.1084427348420274,1.2905855919848845
1909-03,-1.9325296706448003,4.700271606128672
1909-04,1.9178407073938868,8.375492625939446
1909-05,0.10451597132039506,13.227742093195735
1909-06,-1.8049118224353078,16.978245155768644
1909-07,-1.5827843605429548,18.656977908930056
1909-08,0.3470866708087932,17.56259074854604
1909-09,-0.9331961209501658,14.723196120950165
1909-10,1.5899014726743395,9.42622755958372
1909-11,-0.9612407698660428,4.717907436532709
1909-12,2.738411356387259,1.5099757403869352
1910-01,1.2818681145005788,0.8600673693703891
1910-02,1.5292367188423837,1.9386204240147593
1910-03,-0.6141131782714746,5.727016404077926
1910-04,-0.3701983813827033,8.720198381382705
1910-05,-1.0709652725454073,13.12902978867444
1910-06,0.48442338146340286,16.752243285203264
1910-07,-1.8421520080685907,18.880861685487947
1910-08,-0.3824898547042033,17.956683403091304
1910-09,-1.3499606077586566,14.589960607758659
1910-10,1.444149368078735,9.236495793211589
1910-11,-0.3176402881461903,4.990973621479522
1910-12,2.390099818626098,1.4969969555674503
1911-01,-2.540109382007313,0.8788190594266683
1911-02,1.003886199673941,1.4782566574689162
1911-03,0.2479491607971469,5.100437935977046
1911-04,-0.4156109068168734,8.88227757348354
1911-05,0.5402970995203573,13.295186771447385
1911-06,-0.06565963037726924,16.688992963710604
1911-07,2.856776358498112,19.098062351179305
1911-08,2.719425556498961,18.835413153178457
1911-09,1.6567005629759055,15.30663277035743
1911-10,-0.4898290857905838,10.544667795468003
1911-11,2.19578537740186,4.927547955931473
1911-12,1.704674219363176,2.027583845152953
1912-01,0.8917080524235992,1.5050661411247876
1912-02,2.7298430499378883,2.1839500535103875
1912-03,1.5973621222376537,5.980057232601055
1912-04,-1.3935177345840575,9.99685106791739
1912-05,1.272123507723498,13.334328105179729
1912-06,-0.542127270360963,17.3854606036943
1912-07,-1.5065682928160287,19.683987647654735
1912-08,-2.5406274857814677,18.163208130942756
1912-09,-4.037057407400678,14.593724074067346
1912-10,-0.5105821768396637,9.365420886517084
1912-11,-1.4343916168953577,4.384391616895357
1912-12,0.1902790872231871,1.577462848260684
1913-01,2.4768068570124635,0.813515723632698
1913-02,-0.20696072887256153,2.031960728872562
1913-03,1.3362284394971766,5.773448979857663
1913-04,0.04257193553314881,9.314094731133517
1913-05,-0.09092186517749223,13.310276703887165
1913-06,-0.45228380458119827,17.445617137914535
1913-07,-2.588162935338956,18.99461454824218
1913-08,-0.24357975003444204,17.891966846808636
1913-09,-0.7742702194996319,15.01093688616629
1913-10,0.860446593609044,9.484714696713537
1913-11,2.661644351250053,5.115022315416614
1913-12,-0.4973625517367548,2.4134915839948192
1914-01,-3.4162393781254288,0.7001103458673645
1914-02,1.2426468666716148,1.4180674190426708
1914-03,1.1275165239285516,5.330547992200481
1914-04,1.8033378662612092,9.259995467072125
1914-05,-1.8002120584129087,13.984083026154845
1914-06,-0.683470262234529,16.720136928901194
1914-07,-1.6356919115502977,19.045369330905135
1914-08,-0.33333289377725317,18.15268773248693
1914-09,-0.09026944280865734,14.640269442808655
1914-10,-0.5779017548432692,9.894030787101336
1914-11,-0.29922460764443315,4.839224607644431
1914-12,3.1341465030405598,1.4787567227658904
1915-01,0.5249879934193185,1.3717862001290688
1915-02,-0.48372329271199555,2.2087232927119955
1915-03,-0.6083487848923224,5.247058462311677
1915-04,-0.8284019718725393,9.03173530520587
1915-05,2.5953757158199284,13.217527509986523
1915-06,1.2923597409057233,17.367640259094284
1915-07,-1.2783096075568792,19.778309607556878
1915-08,-0.8821225362062095,18.317606407173958
1915-09,-1.427495390575148,14.670828723908484
1915-10,-1.7223327127698806,9.81265529341504
1915-11,-1.1817753329292597,4.468441999595928
1915-12,4.914435715137605,1.317822349378523
1916-01,1.2298204579050085,1.6959859937078947
1916-02,0.39817503345830263,2.3673422079210065
1916-03,-0.5457394060980629,5.616707148033546
1916-04,-0.0036174287004026168,9.146950762033736
1916-05,0.9585103863522784,13.422134774938042
1916-06,-2.261587580731417,17.31492091406475
1916-07,-0.9568403261186162,19.024582261602486
1916-08,-0.024256102316699002,18.08554642489734
1916-09,-2.0774838565372957,14.934150523203956
1916-10,0.19762612971985322,9.666889999312405
1916-11,0.5687646691343484,4.697901997532318
1916-12,0.6774342710703212,1.9193399224780654
1917-01,-1.8200363954467909,1.0264880083500167
1917-02,-2.4202560129363526,1.4309702986506379
1917-03,-1.70253580066652,4.896084187763294
1917-04,-1.8350825260908186,8.518415859424152
1917-05,3.4108478251559555,12.66979733613437
1917-06,1.5163422025109101,17.483657797489098
1917-07,-0.5509991472153857,19.554224953666996
1917-08,-1.1219336111340381,18.286449740166297
1917-09,2.038781002056107,14.681218997943892
1917-10,-1.950278886061485,10.143827273158259
1917-11,-0.018398945354085094,4.651732278687419
1917-12,-3.7053497444791463,1.582769099317856
1918-01,1.0430420087630277,-0.06884846037593095
1918-02,0.12820850576461146,1.736077208521103
1918-03,-0.429832837773682,5.223381224870455
1918-04,-0.31606188832256715,8.899395221655901
1918-05,2.0700413153860455,13.05899094267847
1918-06,-1.7899004218119887,17.236567088478655
1918-07,-0.18000276389698533,18.95097050583247
1918-08,0.6612173682563749,18.006524567227498
1918-09,0.4930637551558763,14.90360291151079
1918-10,-1.8607389784757586,10.034932526862857
1918-11,0.947242391977656,4.3360909413556765
1918-12,2.6702647009206895,1.713606266821245
1919-01,0.3022083487795813,1.249404554446226
1919-02,0.02354740859601348,1.926452591403987
1919-03,0.04668789315675426,5.379118558456151
1919-04,-2.569610714952304,9.049610714952303
1919-05,0.8913241974906116,12.798998383154547
1919-06,0.6428062074106294,16.96052712592271
1919-07,-3.0076768554062205,19.28832201669654
1919-08,2.929443022881053,17.802815041635075
1919-09,1.6505524630944852,15.109447536905517
1919-10,-3.420916386348785,10.38543251538104
1919-11,-0.9370392545468542,4.427039254546854
1919-12,2.2368579437424687,1.0954001207736601
1920-01,2.6800558943378676,1.136073137920198
1920-02,0.9592805727238094,2.482098737621018
1920-03,1.5085712925253942,5.51723515908751
1920-04,0.2686392496188901,9.614694083714443
1920-05,2.9993681801201237,13.558696336008905
1920-06,-0.29867725216023777,17.602010585493574
1920-07,-0.583997378561957,19.68399737856196
1920-08,-1.0781167222097912,18.355536077048498
1920-09,0.22658472261380946,14.786748610719522
1920-10,0.07624855382927742,10.252783704235236
1920-11,-0.23835400015216504,4.9183540001521635
1920-12,0.15239527017716775,1.886314407242187
1921-01,3.019507261972196,1.054686286414901
1921-02,-0.3951942851490526,2.398765713720481
1921-03,0.7617738853554188,5.818871275934905
1921-04,-1.0054211393230685,9.45542113932307
1921-05,1.425649851702351,13.258221116039584
1921-06,0.8053524276332245,17.691314239033442
1921-07,2.4357803208326927,19.602929356586667
1921-08,-0.20922751368901693,19.08664686852773
1921-09,0.8332691473607621,15.59006418597257
1921-10,1.75031961797202,10.288390059447334
1921-11,-2.619637434907582,5.639637434907582
1921-12,0.07819081176938836,2.0089059624241603
1922-01,0.07738755795097033,0.7580963130167717
1922-02,0.3206056834774688,2.286537173665388
1922-03,-0.028553623684398843,5.980166526910206
1922-04,-1.4291780161325596,9.135844682799224
1922-05,2.523782924693891,13.631055784983527
1922-06,0.3238056075030922,17.792861059163577
1922-07,-1.7901639499473139,19.574034917689247
1922-08,-0.8369846201976363,18.727307200842798
1922-09,-2.0038864423128575,14.890553108979525
1922-10,-1.290050082025552,9.757792017509422
1922-11,-1.3734092725026066,5.056742605835939
1922-12,0.31133681273263375,1.4144696388802698
1923-01,0.07060552471169146,1.0068138301270182
1923-02,1.9295738658207404,2.2097118484649756
1923-03,0.6363606184008719,5.702349059018484
1923-04,-0.3424958614151533,9.695829194748486
1923-05,-0.25390461665993247,13.64100139085348
1923-06,-2.5653458378532,17.01867917118653
1923-07,2.5101348960268615,19.196316716876368
1923-08,1.231385435826073,18.787969402883604
1923-09,-0.7047807512532771,15.464780751253272
1923-10,1.4967921400476,10.425788505113688
1923-11,-0.4664091470559235,5.153075813722591
1923-12,0.20715040064332596,2.1638173412921584
1924-01,-0.683860893576826,1.2709576677703742
1924-02,-1.8628704968289365,1.721491186484109
1924-03,-0.03642214801968929,5.513841502858398
1924-04,0.6734685919213914,9.183198074745274
1924-05,1.7139252720889253,13.466719889201395
1924-06,-0.6455615297908017,17.9555615297908
1924-07,-0.21415040503995492,19.333505243749634
1924-08,-2.876528203990071,18.46685078463523
1924-09,0.009658709811071142,14.950341290188932
1924-10,0.29468523933545904,9.73757282518067
1924-11,0.6624365928409829,5.147563407159017
1924-12,-0.7280919765924759,2.363575847560218
1925-01,1.9630119632530967,0.5789235206178707
1925-02,1.8314797888289651,2.5185202111710336
1925-03,-2.849942949542788,6.21768488502666
1925-04,0.656628937464985,8.703371062535016
1925-05,-0.07948724668908369,13.689164666043924
1925-06,0.8530257808828476,17.346974219117147
1925-07,-0.9360895834952218,19.47802506736619
1925-08,-0.5619068422027299,18.619971358331757
1925-09,-1.7748633954140705,15.051530062080738
1925-10,1.1678096558716702,9.667674215096072
1925-11,-1.4075768198713852,5.350910153204718
1925-12,0.7824573837520185,1.7239942291512071
1926-01,0.238910185040837,0.9610898149591631
1926-02,3.5991576817969024,2.222270889631668
1926-03,-0.15930969326741673,6.233503241654512
1926-04,0.9166915309776607,9.513308469022338
1926-05,-2.007219193206942,13.916896612561775
1926-06,-2.0651036335006943,16.94177030016736
1926-07,-0.3797055563774476,19.057124911216153
1926-08,0.4391258887900522,18.377003143468016
1926-09,2.069455115879525,15.187211550787143
1926-10,0.5382904096946342,10.613322493531175
1926-11,1.9367402636662239,5.359926403000443
1926-12,-2.1906986228794274,2.468117977718137
1927-01,1.038089748056897,0.8586844454914904
1927-02,-0.2964838390744249,2.1786266962172824
1927-03,0.7492525324752095,5.6894571449441464
1927-04,0.8154590519707723,9.591207614695893
1927-05,1.28369205781964,13.745340200244875
1927-06,-0.5085305362338193,17.778530536233824
1927-07,-0.47443073046826323,19.59701137562955
1927-08,-1.0045810654904475,18.52716171065174
1927-09,-0.3679126698184214,15.217912669818421
1927-10,-0.6065320409836715,10.112983653886895
1927-11,0.35020562893292095,5.01979437106708
1927-12,-0.19067535917792555,2.2358366495005058
1928-01,1.7745957035689606,0.9899204254632981
1928-02,1.232886908076058,2.4705613677860114
1928-03,0.6007837876386957,6.170183954296788
1928-04,-0.46599858798210797,9.569331921315442
1928-05,-1.687575951410119,13.710156596571407
1928-06,0.6870191444172725,17.196314188916055
1928-07,3.6614958500593624,19.48366544026322
1928-08,1.563083695086982,19.514335659751733
1928-09,-0.6415069796288162,16.031506979628812
1928-10,-0.6197079612148307,10.28422409024709
1928-11,1.527211890167122,5.329454776499546
1928-12,-0.8334128166449919,2.5850257198707984
1929-01,-3.559264070662382,1.1270060061462526
1929-02,-5.334763502078821,1.7383349306502502
1929-03,0.4428064028959946,4.5442903712975555
1929-04,-1.2060962862951063,9.01942961962844
1929-05,0.6394317726288931,13.515406937048523
1929-06,1.1476712111584808,17.26232878884152
1929-07,0.7207220933119477,19.58895532604289
1929-08,-0.479814237041311,19.03465294671873
1929-09,2.632470410082428,15.070862923250901
1929-10,0.28399995453181526,10.645032303532702
1929-11,-0.2633084924629929,5.646641825796328
1929-12,2.9145540493287223,1.9628653055099878
1930-01,1.2573436680603964,1.6491079448428296
1930-02,-0.6327570510066995,2.893471336720985
1930-03,1.0020507613847527,5.639884722486215
1930-04,0.29190178544755924,9.69809821455244
1930-05,-1.6861589250706916,14.11841698958682
1930-06,2.6321215364119426,17.07454513025472
1930-07,-1.8199066289498753,20.09732598378859
1930-08,-0.08906665343315612,18.83422794375574
1930-09,1.1108917580686417,15.1624415752647
1930-10,-0.548407404421922,10.616149339905794
1930-11,2.272066196784621,5.5479338032153755
1930-12,0.44201458760290907,2.428953154332575
1931-01,0.6486016579745004,1.6481725355738868
1931-02,-1.4091174925832155,2.6841174925832156
1931-03,-1.3805615439732866,5.477335737521674
1931-04,-0.5887236920188357,9.495390358685503
1931-05,2.0238660191323494,13.614843658287006
1931-06,2.2013272007608835,17.722006132572453
1931-07,-1.9728346065606581,20.5083184775284
1931-08,-1.8246583320654692,18.60530349335579
1931-09,-3.46373145402378,14.970398120690449
1931-10,-0.7376270671083134,9.860207712269602
1931-11,2.1163178053876646,4.813682194612334
1931-12,-1.6161420666774005,2.4677549699032073
1932-01,0.2753402972614495,1.2117564769320985
1932-02,-3.011245877954307,1.9560734641612036
1932-03,-1.021918982021,5.279983498150033
1932-04,-1.1903854708874988,9.167052137554165
1932-05,-0.5637483155313354,13.025038638111981
1932-06,-0.6352911394435651,17.338624472776903
1932-07,-1.1099339712693572,19.245417842237096
1932-08,2.763176207002874,18.114243147835833
1932-09,2.337199928129884,15.836133405203448
1932-10,0.183195720500956,10.64583653756356
1932-11,0.7000180128945349,5.329981987105464
1932-12,-0.4350049819213529,2.415650143211676
1933-01,-2.1907055686184296,0.9261894395861714
1933-02,0.7446424878028948,1.7982146550542475
1933-03,0.23842844285958942,5.735765105527507
1933-04,1.4554297891271202,9.311236877539544
1933-05,-1.0171163705939215,14.046148628658436
1933-06,-2.1884185799279816,17.251751913261316
1933-07,1.5543830056469483,18.987552478224018
1933-08,1.425553919351216,18.855091241939103
1933-09,0.5303053624979386,15.603027970835399
1933-10,0.20475044058135244,10.417830204579934
1933-11,-0.984515571280684,5.347848904614017
1933-12,-3.8536330308380964,1.9762136759993867
1934-01,0.7518522832994025,0.3094380392812427
1934-02,-0.7506604981053118,1.982803355248169
1934-03,-0.016059853254281914,5.545092111318798
1934-04,1.8914994272873884,9.255167239379276
1934-05,1.9654994546085929,13.82482312603657
1934-06,0.2762476068245767,17.91375239317542
1934-07,1.0940356745928868,19.67048045443937
1934-08,-1.0683179686598672,18.858640549305026
1934-09,1.3042531493065723,15.33908018402676
1934-10,-0.15596606455123657,10.378546709712527
1934-11,-1.2106328674759967,5.300632867475997
1934-12,3.238815627653229,2.0837650175080618
1935-01,-1.7281975134047296,1.4669071908240845
1935-02,1.656180590681627,2.2581051236040866
1935-03,-1.0749518032836525,6.068500190380426
1935-04,-0.10008591486024362,9.156752581526911
1935-05,-1.2943274162034297,13.942714512977622
1935-06,2.0789778391600686,17.081022160839936
1935-07,1.3092085826371112,19.80369464316934
1935-08,-1.2864607327266486,19.37678331337181
1935-09,1.0541076134418277,15.122559053224842
1935-10,0.007578035648758141,10.418228415964146
1935-11,0.7543383604669966,5.642328306199669
1935-12,-0.7097233829433737,2.2226266087498256
1936-01,4.188030412961628,1.1474534580061144
1936-02,-0.4484574065276947,3.2381125789414877
1936-03,1.0840083406239276,5.9353464980857495
1936-04,-1.255230983843244,9.918564317176578
1936-05,0.8413280385518822,13.787704219512632
1936-06,-0.48080976199332626,17.637476428659998
1936-07,-1.6888605921610655,19.814667043773973
1936-08,-0.16217610628392415,18.61701481596134
1936-09,0.2963646929774596,15.26363530702254
1936-10,-3.2892008883037205,10.592426694755332
1936-11,1.117904674241147,4.825428659092187
1936-12,0.46359505860199934,2.1235017155915488
1937-01,1.3923980454940172,1.4979245351511439
1937-02,2.8280843478983257,2.6183442235302454
1937-03,-1.9878195471708449,6.362013095557941
1937-04,0.006561883950622238,9.653438116049378
1937-05,1.639448309362822,13.667003303540403
1937-06,0.7042684145248992,17.80906491880843
1937-07,0.2048600102798923,20.28223676391366
1937-08,0.6356470420313152,18.815965861194492
1937-09,-0.862195113992042,15.742195113992043
1937-10,-0.22138500587803406,10.627836618781258
1937-11,-0.08822303534593913,5.158223035345938
1937-12,-1.3386116350187054,2.4805471188896733
1938-01,1.3741125463319936,1.212984227861555
1938-02,-0.9711604258661124,2.321160425866113
1938-03,1.7380432816611708,6.097440589306571
1938-04,-2.1460946940529793,9.889428027386312
1938-05,-0.9685886172448762,13.429878939825521
1938-06,0.8734463989806771,17.60655360101933
1938-07,-0.9386972030736797,19.622568170815626
1938-08,-0.2481667272018573,18.780424791717984
1938-09,0.15405145814301735,15.589281875190315
1938-10,0.4201146227300754,10.166982151463476
1938-11,1.5511734166467228,5.665493250019944
1938-12,-2.5211555748248298,2.6921233167603127
1939-01,2.653089768064305,0.7243295867744042
1939-02,-0.4493155122732526,2.9064583694161095
1939-03,-2.709695008656627,5.977436944140498
1939-04,1.532588991496295,9.010744341837038
1939-05,-3.1475975678735018,14.031468535615437
1939-06,0.25312006533302495,17.07354660133364
1939-07,-1.0689059875288047,19.44955114881913
1939-08,-0.0765698180550358,18.618505301926
1939-09,-0.7180135175547975,15.384680184221466
1939-10,-0.3274902522194397,10.037167671574277
1939-11,2.056485611387359,5.286847721945974
1939-12,-1.299293798532488,2.521874443693778
1940-01,-3.8136291421729607,0.9878226905600571
1940-02,0.7509749587946914,1.5731629722397913
1940-03,0.5156478541218541,5.481126339426533
1940-04,0.021286074515597414,9.53538059215107
1940-05,0.043228639552438636,13.801932650770139
1940-06,-0.373846373187775,17.190513039854444
1940-07,-1.3472447423814526,19.589180226252417
1940-08,-0.5483238862240392,18.432194853965974
1940-09,0.7859767075972772,14.904023292402725
1940-10,-0.4442307309691223,10.453908150323956
1940-11,1.3793108502677867,5.120689149732215
1940-12,-4.216160598180402,2.174225114309434
1941-01,-0.5882701247082318,0.5302056085791998
1941-02,0.9898265591963546,1.6030305836607883
1941-03,0.5597076076695546,5.617711747169155
1941-04,-1.322867357568448,9.676200690901782
1941-05,-2.6659973295553305,13.114384426329522
1941-06,0.8612152533221538,16.695451413344514
1941-07,1.2351404591182726,19.47776276668818
1941-08,-0.9224137122012342,18.55467177671736
1941-09,-0.6704073214175682,15.197073988084236
1941-10,-0.6583578539626842,9.877712692672363
1941-11,0.17329862357949294,4.72003470975384
1941-12,-0.9592018440815383,2.107588940855732
1942-01,-2.7641816235152454,0.5932138815797616
1942-02,-3.0523401519748594,1.316625866260574
1942-03,1.6254841117623404,4.832580404366691
1942-04,1.1183713362907057,8.941628663709293
1942-05,0.665887162142614,13.68249993463158
1942-06,0.6481361634208783,17.365197169912452
1942-07,0.9193127315612044,19.1581066232775
1942-08,1.1044518656600466,18.814902973049627
1942-09,2.1990504497383165,15.330949550261689
1942-10,1.6769477849998011,10.329503827903427
1942-11,-1.3451676947952071,5.765167694795206
1942-12,-0.47153788514723527,1.7973443367601387
1943-01,1.1364790399423692,0.6731983794124692
1943-02,1.0467090374289225,2.456862391142506
1943-03,1.4338282911993065,5.762945902349081
1943-04,1.4213975137725208,9.581935819560817
1943-05,0.9474244146675161,14.184833649848613
1943-06,-0.44573187875161474,17.515731878751613
1943-07,0.435393016306335,19.56460698369367
1943-08,1.7566147349242252,18.917578813462875
1943-09,0.7686821341948595,15.544651199138473
1943-10,1.6728753070314901,10.698092434903996
1943-11,-0.9529828948363752,5.762982894836375
1943-12,0.38186712770338516,2.072971581974034
1944-01,0.46834517577083445,1.4090741790678751
1944-02,-2.6291816593288715,2.398147176570251
1944-03,-1.4379984291407857,5.399288751721431
1944-04,2.43876790109365,9.144565432239686
1944-05,0.6873866893009208,14.012613310699077
1944-06,-0.45267930092282604,17.85934596758949
1944-07,0.07575755037308035,19.640371481884987
1944-08,4.043704735260186,18.701456555062396
1944-09,-1.2408164277720473,16.350816427772045
1944-10,-1.3551871124111607,10.471316144669224
1944-11,0.601542915105815,5.061790418227517
1944-12,-1.0084805876458875,2.408480587645887
1945-01,-4.101964396284678,1.1632547188653226
1945-02,3.047981951477407,1.4484466199511639
1945-03,1.0654438754978428,6.134556124502158
1945-04,2.243792326382172,9.936207673617828
1945-05,1.6005576907915426,14.312345535014908
1945-06,2.483769674627354,17.98623032537264
1945-07,1.2561970473040627,20.492190049470132
1945-08,-0.6728774165061129,19.359974190699667
1945-09,1.1171793281636537,15.656154005169682
1945-10,-0.1368800688281333,10.846557488182972
1945-11,-1.2778672738911006,5.627867273891103
1945-12,0.03144229460794368,2.3330738344243143
1946-01,-1.5520666737797146,1.3520666737797145
1946-02,3.0881493123894312,2.258279259039141
1946-03,0.4618211732940183,6.57043689122211
1946-04,2.3271230417051765,9.996210291628158
1946-05,0.20454733782356804,14.62771072669256
1946-06,-0.7484200887297261,17.991753422063063
1946-07,0.9751344065739234,19.931317206329307
1946-08,-0.36054308059650997,19.296026951564247
1946-09,-0.005034631245180554,15.791701297911846
1946-10,-1.0592049322291515,10.73339848061625
1946-11,-0.28480087228993983,5.478134205623272
1946-12,-1.750333914300246,2.49872101107444
1947-01,-2.286568479204137,1.1672136404944597
1947-02,-1.3136467155891232,2.031503858446266
1947-03,1.063723029957037,5.668535034559091
1947-04,2.954444920638178,9.775555079361819
1947-05,1.4561517771040977,14.601912739024932
1947-06,1.2666619004265807,18.236671432906753
1947-07,1.2374274138472514,20.256120973249523
1947-08,2.2544430631684333,19.484266614250917
1947-09,1.5633089338851442,16.34669106611486
1947-10,-0.19315210463743981,11.199603717540665
1947-11,1.546159425674157,5.9505072409925095
1947-12,-0.3748890582462079,3.0039213163107243
1948-01,2.3833881006719464,1.7456441573925696
1948-02,-0.4470023129865286,3.3090712785037697
1948-03,2.99864434674571,6.430387911318807
1948-04,-0.5078855878939759,10.654552254560643
1948-05,0.44385958621726784,14.527108155718219
1948-06,-1.8270687012899585,18.223735367956625
1948-07,-2.7211398517764653,19.93726888403453
1948-08,-0.17749672996790344,18.87104511706468
1948-09,-1.117793892352298,15.681127225685628
1948-10,0.4100544306878584,10.66413911769924
1948-11,-0.5278076102430593,5.891140943576394
1948-12,-1.0868399472427623,2.5352270440169558
1949-01,0.11799521831964194,1.5174886526480997
1949-02,-0.42155281957393437,2.6644099624310775
1949-03,-2.1493420934620286,6.1461162870104165
1949-04,2.857868051044462,9.57546528228887
1949-05,-2.067070991729624,14.46384518527801
1949-06,-0.01683400100121929,17.743500667667885
1949-07,1.6510080626846622,19.958669356670175
1949-08,1.2173451402553905,19.3052355049059
1949-09,2.2075708757079835,16.36242912429202
1949-10,0.604808814733653,11.204868604621183
1949-11,-0.765578838304031,6.012245504970699
1949-12,1.4208357814960018,2.872712605600774
1950-01,-0.9929422791335617,1.7381035694561429
1950-02,1.4772058007696276,2.7870799135160875
1950-03,-0.2107527724930014,6.713978578944614
1950-04,-1.454828209580788,9.851494876247454
1950-05,1.2129557379864806,14.248334584594163
1950-06,1.9936411997919008,18.109692133541433
1950-07,1.8652894253647774,20.476646058506187
1950-08,-0.5415498954065916,20.099614411535622
1950-09,-0.42897030971593453,15.912303643049267
1950-10,-0.54051201559533,10.830834596240493
1950-11,0.7844959090876464,6.028837424245688
1950-12,-2.580186954066194,2.7640579218081296
1951-01,1.314599859541905,1.411206592070998
1951-02,0.582851068188561,3.0457203603828686
1951-03,-0.915373249818346,6.383115185302216
1951-04,-0.1134999256680489,10.120166592334716
1951-05,-1.024067395180508,14.207938362922443
1951-06,-0.4568122266724706,17.750145560005805
1951-07,-0.25822101601666425,20.193704886984406
1951-08,0.1539373427700363,19.08477233464932
1951-09,0.42746869459280656,15.929197972073858
1951-10,-0.5661032485228248,11.049974216264761
1951-11,1.3078170781302672,5.618849588536399
1951-12,-1.705107369535102,2.9954299501802635
1952-01,-0.9383033316916971,1.5286259123368588
1952-02,-1.9446743507869928,2.3688122818214756
1952-03,1.7228837091160654,5.915825968303288
1952-04,1.6000684526360534,10.123264880697278
1952-05,0.9767573894264943,14.487758739605765
1952-06,1.5201879408576287,18.3831453924757
1952-07,3.045013846086671,20.393695831332685
1952-08,0.047948273877353786,19.97785817773555
1952-09,-3.2012854549905163,16.37461878832385
1952-10,0.43047913802299337,10.253391829718941
1952-11,-1.1129121304110507,5.776245463744384
1952-12,-0.1860837656448573,2.7344708624190512
1953-01,-2.238077427567648,1.4671096856321644
1953-02,-1.6242606528862784,2.3635463671719927
1953-03,0.7921221176654475,5.965942398463586
1953-04,1.1289869796389835,9.727679687027681
1953-05,1.5540583736823845,14.571748077930518
1953-06,-1.8137523782080984,18.32708571154143
1953-07,0.825415197922606,19.677810608529004
1953-08,0.13087421812576605,19.4594483625194
1953-09,0.908254793180848,15.875078540152487
1953-10,1.2479297659851154,10.910134750143914
1953-11,-1.6524284758195966,6.225761809152931
1953-12,1.2077021533495118,2.437459136973069
1954-01,-1.7636613963817314,1.7378549447688278
1954-02,-1.4011848904973054,2.6368991762115908
1954-03,1.2149711024055332,5.846319220175112
1954-04,-1.5873304353144262,9.950663768647761
1954-05,-0.7680456023587183,14.168045602358717
1954-06,1.2352135678103022,17.501453098856366
1954-07,-1.853050779328005,20.1272443277151
1954-08,-0.9396703999908461,19.139670399990845
1954-09,1.144593928629306,15.242072738037358
1954-10,0.016058341473293547,10.835554561752515
1954-11,1.1400166231636881,5.9699833768363115
1954-12,1.7356875416015636,2.4997963293661782
1955-01,0.8502215864631721,2.069133252246504
1955-02,-0.3839710591855141,3.123256773471228
1955-03,-1.4211838022239862,5.966345092546567
1955-04,1.0601134528971903,9.836553213769477
1955-05,-0.14710855503785703,14.314850490521728
1955-06,0.03679702383070971,17.739869642835956
1955-07,-0.2738922079831747,20.29324704669285
1955-08,0.16769249292462435,19.038759119978607
1955-09,-0.25144924835416765,15.764782581687502
1955-10,-1.0683741733434544,10.919987076569262
1955-11,-0.5321509445549577,5.35548427788829
1955-12,2.9091266880492905,2.448937828079741
1956-01,1.645832021043581,2.1896518499241617
1956-02,-9.160921167667837,3.0402315124954233
1956-03,1.058274581881744,4.7965641277956745
1956-04,-0.8383532797583799,9.321686613091712
1956-05,1.4334196157331331,13.837548126202355
1956-06,-1.7028136184776868,18.19948028514435
1956-07,0.15643275190663408,19.311309183577237
1956-08,-1.8556979450092506,19.097633428880215
1956-09,1.1990226018736796,15.377644064792989
1956-10,-1.3864435171509277,10.363862871989637
1956-11,-1.3810078488360547,5.544341182169388
1956-12,0.6942201231513359,2.0541669736228574
1957-01,-1.279359053473181,1.0858106663764067
1957-02,3.282816955870287,2.542183044129714
1957-03,2.724622895769097,6.310860975198644
1957-04,-0.30258518857678895,10.222585188576792
1957-05,-2.597596203654407,14.526628461718923
1957-06,0.43242106572158967,16.910912267611742
1957-07,-0.30738011610972393,19.78479947094843
1957-08,-1.252790040462998,19.259241653366225
1957-09,0.16718635558760797,14.986146977745726
1957-10,-0.8116354467371407,10.57937738222101
1957-11,0.8707601606261548,5.545906506040514
1957-12,-0.1500218606145371,2.1338928283564735
1958-01,-0.05652532204756128,1.5887833865636907
1958-02,2.87317961530146,2.494677527555682
1958-03,-2.5513764382699344,6.199763535044127
1958-04,-2.2861195870015414,9.749452920334875
1958-05,2.50316188329928,13.267805858636203
1958-06,-1.1209169634040048,17.670916963404004
1958-07,-0.5767788111858165,20.186456230540657
1958-08,0.8572802193522843,18.471752038712232
1958-09,1.9984447856651482,15.52822188100152
1958-10,-1.8422629024178148,11.374520966933947
1958-11,0.5919210106133708,4.89807898938663
1958-12,1.9151653907696748,2.4525765447141965
1959-01,0.32776479276915316,2.0367513362631047
1959-02,0.2922990170519878,2.325558125805155
1959-03,1.8696155510787702,6.30780380375994
1959-04,0.13496559072814662,10.215034409271851
1959-05,0.9275217594653471,13.93699436956691
1959-06,-0.0848822635371469,18.22821559687048
1959-07,1.7956393845162166,19.94629609935475
1959-08,-0.34164857332205445,19.31261631525754
1959-09,1.1732701992921295,16.07339646737454
1959-10,-0.3913073428583278,10.78162992350349
1959-11,-1.4383144892606567,5.6716478225939895
1959-12,1.6895054398307494,2.5782364956531234
1960-01,0.054952187177432055,1.5127897483064388
1960-02,1.234868623972484,2.896165858786137
1960-03,0.8104183549930062,6.615388096619897
1960-04,0.261936699867268,9.8347299667994
1960-05,1.0200577005856086,14.596071331672455
1960-06,0.7491706596922696,18.140829340307732
1960-07,-2.1441455954256834,20.11188753090956
1960-08,-1.192370725208001,19.263338467143488
1960-09,-1.676041359776916,15.339374693110248
1960-10,-0.2807997136755298,10.287251326578755
1960-11,1.7005334495707731,5.856133217095895
1960-12,-0.07705172232493052,2.58672914167977
1961-01,0.8459597291237204,1.7604918837795058
1961-02,2.76391117669473,3.0182316804481264
1961-03,1.3805732881634112,6.5000718731269105
1961-04,1.8596208974038406,10.65704576926283
1961-05,-1.3768007384989778,14.767123319144144
1961-06,0.596915145531038,17.689751521135626
1961-07,-1.7797358020068417,20.528122898781035
1961-08,-0.3545109066681072,18.931930261506817
1961-09,3.1695974052604603,15.67706926140621
1961-10,0.02702595384423989,11.627812755833183
1961-11,-0.38534272740891473,5.995342727408914
1961-12,1.083540186348851,2.735814652360828
1962-01,0.7943056960392492,2.0573072071865566
1962-02,-1.693188960765222,3.036046103622365
1962-03,-3.519153689963877,6.215927883512264
1962-04,-0.5055988084328837,9.345598808432882
1962-05,-2.118627674773739,13.876692190902771
1962-06,-1.6842609975721219,17.607594330905457
1962-07,-1.6141529557362753,19.57866908476853
1962-08,1.4224740463900825,18.632364663287337
1962-09,-1.0169268900152006,16.016926890015203
1962-10,-0.32656836650657983,10.497536108442063
1962-11,-2.487662769785611,5.490996103118944
1962-12,-3.3472118173083336,2.1149537527922044
1963-01,-4.881879946469582,0.585105752921196
1963-02,-3.9837555880895783,1.2694698738038634
1963-03,-0.7225007389767715,4.8547588034929
1963-04,0.7599434263460036,8.873389906987327
1963-05,-1.399412116840324,13.757476632969361
1963-06,-1.2774990041974879,17.17749900419749
1963-07,0.3371652692624014,18.995092795253733
1963-08,-2.2550153594438824,18.658241165895497
1963-09,-0.1953845506071914,14.845384550607191
1963-10,-0.6391840192360478,9.771442083752177
1963-11,2.546221258944003,5.043778741055998
1963-12,-3.4050361303494876,2.405036130349488
1964-01,-1.9520312062265643,0.35203120622656425
1964-02,1.6793900869480232,1.575782326845081
1964-03,-1.154724522165893,5.548272909262668
1964-04,0.5699552717674106,9.11004472823259
1964-05,0.7540217648007171,13.536300815844447
1964-06,0.291835005413379,17.191498327919952
1964-07,0.6361496973116807,19.602559980107674
1964-08,-0.6625693267621733,18.594827391278304
1964-09,0.19162835046243737,14.98837164953756
1964-10,-1.262936354591107,10.227452483623361
1964-11,0.9949616007457613,4.735038399254238
1964-12,-1.6437291435479846,2.0501807564512102
1965-01,-0.10997310592081333,0.7680376220498455
1965-02,-2.724315444488086,1.7600297302023717
1965-03,-0.8759064050399961,5.014616082459351
1965-04,-1.2046895889170914,8.871356255583759
1965-05,-0.4364734300592774,12.939699236510894
1965-06,-0.3609566128258781,17.020956612825877
1965-07,-1.8939283124246729,19.058444441456928
1965-08,-1.2710374685874655,17.88716650084553
1965-09,-2.1564573240202645,14.666457324020259
1965-10,0.5763448903695589,9.24623575479173
1965-11,0.48566295951621363,4.71767037381712
1965-12,1.4282018943378285,1.8427658475976545
1966-01,-1.0657626752765497,0.8528594494700981
1966-02,3.738608248544036,1.6649631800273914
1966-03,-1.6024197456070377,5.986290713348972
1966-04,1.3778899277447263,8.89877673892194
1966-05,0.06630754828069779,13.56595051623543
1966-06,0.7046320702475302,17.092034596419133
1966-07,-2.046448385623146,19.41741612755863
1966-08,-0.9141687644397416,18.049652635407483
1966-09,1.2766188319822986,14.656714501351033
1966-10,2.245817954826527,10.089665916141215
1966-11,-2.4293456008254157,5.436012267492082
1966-12,0.794444469094026,1.5184587567124253
1967-01,-0.005357017252054619,0.7730989527359255
1967-02,0.9565655338635037,1.9577201804222104
1967-03,0.9924770535288079,5.6623616561486125
1967-04,-1.3152060330182391,9.281872699684905
1967-05,-1.0709866467296394,13.3613092273748
1967-06,-1.1162493268929414,16.83624932689294
1967-07,1.2474571790480693,18.90738153062935
1967-08,-0.7070917172796094,18.68128526566671
1967-09,-0.7171621127096328,14.900495446042964
1967-10,2.154412567726049,9.768168077435245
1967-11,-0.22996695360776775,5.363300286941102
1967-12,-2.115322457714483,1.93467729642416
1968-01,-1.0363670301112904,0.4460444494661291
1968-02,1.1299636104201056,1.5734846654419634
1968-03,-0.10651044544841737,5.561349155125837
1968-04,0.6402278309390865,9.16310550239425
1968-05,-1.440638319956102,13.485799610278685
1968-06,-0.6097677303958822,16.89643439706255
1968-07,-0.8328237688818778,19.065081833398008
1968-08,-2.13668232351153,18.14635974286637
1968-09,-1.0587757880071862,14.582109121340524
1968-10,2.3075767312251694,9.495649075226442
1968-11,-0.3798561599809821,5.173189493314316
1968-12,-0.39827198368577027,1.9240784352986733
1969-01,0.7297885198598555,0.5637598672369188
1969-02,-2.128777420427301,1.9216345632844436
1969-03,-0.08366143883486088,5.167532406576796
1969-04,-0.0717267405956381,8.718393407262305
1969-05,0.31370198536959126,13.299201240436865
1969-06,-2.9540600939219637,17.194060093921962
1969-07,0.851091477724776,18.423102070662328
1969-08,-0.6808374928347145,18.342127815415356
1969-09,0.4368622635097519,14.853137736490249
1969-10,0.5961142844272262,9.726466360734062
1969-11,0.5940672494860002,5.032599417180666
1969-12,-3.5538805168094005,1.918396645841659
1970-01,0.3403359345077126,-0.040335934507712445
1970-02,1.0552512839732031,1.6733201445982255
1970-03,-2.8552296245988855,5.461681237502111
1970-04,-1.8426214551663032,8.475954788499639
1970-05,-0.5554858371951865,12.674840675904868
1970-06,1.0145014393273004,16.602165227339366
1970-07,-0.6050520771372847,19.17601981907277
1970-08,0.3772951340970878,18.08399518848356
1970-09,0.5356911924203238,14.794308807579679
1970-10,-0.9831730512826251,9.870269825476175
1970-11,1.6599172280810137,4.596749438585651
1970-12,-0.7201803578123307,1.8201803578123306
1971-01,-1.9013076516924525,0.6206624904021301
1971-02,0.40568555692486674,1.330028728789419
1971-03,-3.714035826413565,5.0656487296393715
1971-04,2.7903833605082373,8.309616639491765
1971-05,0.6434228770661223,13.327544864869363
1971-06,-1.8259717190176328,17.059305052350968
1971-07,1.3751763109264907,18.921597882621892
1971-08,1.9020133169502933,18.065728618533576
1971-09,-1.11626822015049,15.339601553483822
1971-10,0.4636317216845116,9.846045697670327
1971-11,-0.8954434707689749,4.5054434707689754
1971-12,-0.5282041230734986,1.7411073488799504
1972-01,0.6040268293196989,0.5185538158415917
1972-02,1.8283536859411886,1.5164739002657073
1972-03,0.22179126096840512,5.945950674515467
1972-04,-0.5526074036143942,9.035940736947726
1972-05,-0.5031289193843829,13.045064403255346
1972-06,-1.8657327481720631,17.149066081505396
1972-07,-0.2431989522836624,18.565779597444955
1972-08,-0.46394761766126247,18.05104439185481
1972-09,-3.083901173264709,14.967234506598043
1972-10,-0.7131262903074185,8.964739193533225
1972-11,1.8582617107210468,4.4084049559456195
1972-12,-0.8319647804834114,2.0093841353221205
1973-01,-0.10714873582317153,0.36198744550059087
1973-02,-0.5275312606326827,1.663245546346969
1973-03,-1.1170417610695762,5.149299825585706
1973-04,-1.9477433204546173,8.511076653787951
1973-05,1.1149944539649326,12.768876513777004
1973-06,0.16949294696617678,16.877173719700487
1973-07,-0.7012275987651746,18.9818727600555
1973-08,1.3554511838718823,18.131645590321664
1973-09,0.5584739297640688,14.851526070235929
1973-10,-1.3564119947515816,9.917702317332227
1973-11,-0.5511994446520829,4.617866111318749
1973-12,-0.4482388627975251,1.251464669249138
1974-01,2.697642358120393,0.5152608676860586
1974-02,2.2762671498930067,2.1701614215355645
1974-03,1.57323534487702,5.691280784155237
1974-04,-0.6065480246027058,9.566548024602707
1974-05,-1.0666261789164182,13.266626178916418
1974-06,-1.55322718622117,16.7365605195545
1974-07,-0.7198630717834613,18.929540491138297
1974-08,0.9197409939515138,17.977033199596875
1974-09,-0.8318165928768215,14.97848325954349
1974-10,-4.337235784919803,9.853364817177866
1974-11,1.4216669953590515,3.851666337974284
1974-12,2.095382441890363,1.5820369129483471
1975-01,2.342237466093578,1.1771173726160993
1975-02,-0.07339033495493685,2.2555331920977943
1975-03,-0.9702601797140846,5.438002115197955
1975-04,-0.13476053433356516,8.974760534333567
1975-05,-0.3397001313557164,13.120345292646041
1975-06,-1.7547674624470886,16.98476746244709
1975-07,0.20158599278461597,18.8758333620541
1975-08,0.4931651844942744,18.081028363892823
1975-09,0.7672490128356473,15.092750987164349
1975-10,-1.837855400772552,10.057210239482231
1975-11,1.5595665074668157,4.450433492533184
1975-12,-0.7048460692798452,2.0209751015379096
1976-01,0.2894466434132691,0.6524888404576987
1976-02,-0.1549448877792714,1.7928759222620303
1976-03,-0.9589729665104325,5.397682643929787
1976-04,-0.19717894495818888,8.833845611624854
1976-05,1.25849303690349,13.157635995354571
1976-06,2.1642233269951427,17.292443339671525
1976-07,0.8034531691375031,19.644933927636696
1976-08,-1.5323913525092756,18.684004255735083
1976-09,-1.9614456431422826,14.87811230980895
1976-10,1.0745193905802082,9.451287061032696
1976-11,0.39962323328609517,5.0137101000472395
1976-12,-1.1828478995770055,2.018331770544747
1977-01,1.0723149847879108,0.5438140474701538
1977-02,3.4422506494450666,2.0077493505549335
1977-03,1.2644253444925853,6.219445623249349
1977-04,-1.4673421505751152,9.614008817241782
1977-05,-1.3573509704770235,13.35412516402541
1977-06,-1.462291280482644,16.905624613815977
1977-07,-0.767952171404267,18.961500558501044
1977-08,-1.4288133079160346,18.26107137243216
1977-09,-1.0988905641519355,14.72222389748527
1977-10,1.2442530471500404,9.64929533994673
1977-11,0.2867820771501591,5.10321792284984
1977-12,0.5262781675857207,1.9704960259626672
1978-01,0.23960032132891357,0.9249158077033448
1978-02,-0.04339021353549355,2.0112473563926367
1978-03,0.22418806095933413,5.5274248422664725
1978-04,-1.402340582820733,9.1590072494874
1978-05,-1.1971327703737817,13.232616641341526
1978-06,-1.1516432921398996,16.841643292139896
1978-07,-1.3150831152859033,18.905405695931066
1978-08,-1.5667650820367178,18.13128121106897
1978-09,-0.32794262299759747,14.557942622997595
1978-10,-1.0633062135264992,9.663306213526498
1978-11,-0.9936397391836598,4.696973072516994
1978-12,1.8050640101447937,1.4046134092100453
1979-01,-1.9588643698668176,0.8878966279313338
1979-02,2.4034638981848118,1.6393932446723318
1979-03,0.6343381314871623,5.533403803996707
1979-04,-1.7958462339315961,9.255846233931596
1979-05,-0.477140662646931,13.212624533614676
1979-06,0.4126154349806288,16.587384565019363
1979-07,-0.20903346258889055,19.29290443033083
1979-08,-1.4152993554485107,18.418525161900124
1979-09,0.5411769199284251,14.41548974673824
1979-10,0.7949795442208618,10.01792368158559
1979-11,-0.49451126583657223,5.054511265836573
1979-12,1.8212082829291496,1.5529852654579475
1980-01,-0.41336184641896406,1.1875553948060609
1980-02,2.4712977973784884,1.8700815129663395
1980-03,-0.3078450927432745,5.7626838024206934
1980-04,-1.8382323144601291,9.351565647793462
1980-05,-1.5066875927005974,13.048623076571566
1980-06,-1.914789768391106,16.601456435057774
1980-07,-2.5212021884189726,18.92120218841897
1980-08,1.1476119317793851,17.64271064886578
1980-09,0.5650343125727002,14.85829902076063
1980-10,-1.3790111242022731,10.162882091944214
1980-11,-0.7394704903781903,4.516137157044856
1980-12,-1.7015428285801266,1.4273492801930299
1981-01,-1.1336665099517158,0.4433439293065544
1981-02,-1.7037875936506426,1.2645018793649283
1981-03,3.0856345425091503,4.820817070394077
1981-04,1.0597205174737576,9.423612815859574
1981-05,-0.9752782702364058,13.45592343152673
1981-06,-0.4632068419867732,16.93987350865345
1981-07,-1.6485083980312458,18.90979872061189
1981-08,0.6487336048038603,17.870621233905823
1981-09,0.2943176230372677,14.939015710296065
1981-10,0.25976840598769746,9.775715464980042
1981-11,-0.49357358524751094,4.893573585247511
1981-12,0.356785461500827,1.6303113126927216
1982-01,2.4035950515379154,0.6093081742685365
1982-02,0.08134084755749726,2.290087723871075
1982-03,-0.5323598519041914,5.538811464807417
1982-04,-0.03648641027647992,8.876486410276481
1982-05,0.023647427912021346,13.337642894668624
1982-06,0.2603175521480572,17.06968244785194
1982-07,1.080682102254739,19.164479188067844
1982-08,-0.70324063105019,18.648401921372773
1982-09,1.0730935936484742,14.950239739684855
1982-10,-0.2921456706311738,10.03408115450214
1982-11,1.1163253200999261,5.050341346566742
1982-12,1.6887928186907923,2.043465245825337
1983-01,0.9090823382255098,1.1522079843551347
1983-02,-2.054577526619044,2.4081489551904727
1983-03,0.7711708230472241,5.173990467275357
1983-04,-0.26697726464867366,9.160310597982008
1983-05,-2.4620930339158296,13.6298349693997
1983-06,1.0005819224468588,16.669418077553143
1983-07,3.4259447981902555,19.24824875019684
1983-08,0.032611021425534514,19.341582526961563
1983-09,0.5638330865795473,15.342833580087122
1983-10,0.26458208359622454,10.170901787371518
1983-11,-0.2085608325624212,5.381894165895753
1983-12,0.19003555377587794,1.9873838010628315
1984-01,0.8110325012655011,0.9760642729280475
1984-02,-0.941738892444987,2.4313940648587797
1984-03,-2.0128427462277743,5.480584681711646
1984-04,-0.5662960385720108,8.87629603857201
1984-05,-3.0836483895610503,13.444938712141695
1984-06,-0.5079031822492697,16.577903182249266
1984-07,0.5113245932392512,19.053191535793008
1984-08,-0.21535789930199134,18.583099834785866
1984-09,-1.196660145145156,15.073326811811821
1984-10,0.8246626988151433,9.77856310763647
1984-11,1.31182877673818,5.1315045565951545
1984-12,0.6252144579109173,2.1973661872503727
1985-01,-4.543097334985352,1.126968302727287
1985-02,-1.1747163211033316,1.2497163211033313
1985-03,-1.8728109381303026,4.940552873614173
1985-04,0.7043220388210871,8.679011294512247
1985-05,-1.0452097532314908,13.425854914521812
1985-06,-1.5005430663766148,16.793876399709944
1985-07,1.4039001508815345,18.925132107182986
1985-08,-0.20703306737693383,18.461871777054355
1985-09,1.3754552720229951,14.98121139464367
1985-10,1.0073533696425157,10.228130501325229
1985-11,-2.2077021909756804,5.131035524309013
1985-12,1.134357020303152,1.5785462055033
1986-01,0.6619395201916736,0.8412862862599393
1986-02,-3.8739879657929865,2.0561308229358435
1986-03,-0.25507113842688023,4.913135654555912
1986-04,-1.6674447184092316,8.600778051742566
1986-05,2.358972387184517,13.037801806363872
1986-06,-0.271658975418299,17.45832564208496
1986-07,0.7487106918363762,19.048063501712008
1986-08,-0.2546246814420701,18.68043113305497
1986-09,0.4979480197518449,14.955385313581486
1986-10,1.9229552789943967,9.912528591973343
1986-11,-0.5167666738425474,5.510100007175879
1986-12,0.4966208255440856,1.8388630454236563
1987-01,-2.7405203783171483,0.8598752170268258
1987-02,0.7198572668454415,1.6301427331545577
1987-03,-1.76937059564877,5.320983498874577
1987-04,1.1314007312796652,8.798599268720334
1987-05,-2.588435924133566,13.646500440262601
1987-06,-1.2050106382633876,16.50501063826339
1987-07,0.4985090202207547,18.914394205585694
1987-08,0.43701209922531636,18.369439513677907
1987-09,2.5521106296343206,14.984556037032345
1987-10,1.0902002108859652,10.493670756855968
1987-11,0.9033946418192784,5.3232720248473875
1987-12,1.184672573762123,2.1153274262378767
1988-01,3.0921346011005744,1.2239944311574913
1988-02,-0.04413618217032349,2.6993085959634273
1988-03,-0.7308870839740139,5.843790309780465
1988-04,0.12488469663891077,9.238448636694422
1988-05,0.38626743328246027,13.562119663491734
1988-06,-0.603690167153955,17.483690167153952
1988-07,-0.5241186812479834,19.39508642318346
1988-08,1.0251832796663618,18.481268333236862
1988-09,-0.47689420822102263,15.473560874887688
1988-10,1.3809831009308895,10.173855608746534
1988-11,-0.7647793821944997,5.421446048861166
1988-12,0.7795217218320707,2.1140266652647046
1989-01,0.32481059525109374,1.1784152112005195
1989-02,0.7962770333987791,2.278722966601221
1989-03,2.0122685332527817,6.016763724811735
1989-04,-1.6672288599781253,9.793895526644794
1989-05,1.6084935729522016,13.649570943176828
1989-06,-0.3999210414616366,17.713254374794968
1989-07,1.36914099126009,19.585697718417336
1989-08,0.7390512447445755,19.18998101331994
1989-09,0.12442831768643295,15.605571682313567
1989-10,0.6780589668081894,10.518715226740198
1989-11,-1.3353982859919287,5.642064952658596
1989-12,1.8464608232263637,2.0632165961284743
1990-01,-0.02412196282406428,1.5821864789530966
1990-02,4.288579753095411,2.5649916754760174
1990-03,0.9401490151342486,6.737270339704463
1990-04,-1.8249006933130572,10.191567359979725
1990-05,1.8777658776673656,13.88352444491328
1990-06,-1.2446483653701057,17.84798169870344
1990-07,0.05090658357778899,19.945867609970602
1990-08,1.2398020942296484,19.047294679963905
1990-09,-0.4366021930674849,15.733268859734148
1990-10,1.193233936303477,10.897088644341684
1990-11,-0.08019554520432763,5.740195545204327
1990-12,-1.2020496286318463,2.5246302737931368
1991-01,1.0092306726616838,1.5585112628221869
1991-02,-2.362801344329606,2.4913727729010344
1991-03,1.9813696997177903,5.841210945443501
1991-04,-1.6746376853290463,10.151304351995714
1991-05,-2.3076837284855785,13.649619212356546
1991-06,-0.8628172278060682,17.47281722780607
1991-07,1.71420101366549,19.47289576052806
1991-08,2.1419814613872497,19.167695957967588
1991-09,1.4888146176642396,16.371185382335756
1991-10,-1.078502203040265,10.89463123529833
1991-11,0.10921596689088836,5.580784033109112
1991-12,-1.1925767525536655,2.676447720295601
1992-01,-0.7641481932496599,1.1125352900238534
1992-02,0.40813246244707596,2.4918675375529236
1992-03,0.6788819780688311,6.169505118705362
1992-04,0.3235549508580743,9.78977838247526
1992-05,1.2903095569431797,14.341948507572951
1992-06,-1.4259676471772678,18.025967647177268
1992-07,0.44229291042706825,19.728674831508414
1992-08,2.748933169993206,19.273647475168087
1992-09,-0.4602517983342204,16.163585131667553
1992-10,-1.4017291322003576,10.895277519297132
1992-11,1.7188002850881345,5.524533048245197
1992-12,-0.058306911484743706,2.677661750194422
1993-01,1.4826922799891602,1.8656948167850327
1993-02,-2.1103691928123856,2.9639406213838138
1993-03,-0.42963521869110405,5.836086831594328
1993-04,0.7352730441402264,9.904726955859772
1993-05,0.6291680782103194,14.138573857273549
1993-06,-0.1401462087496645,18.08681287541633
1993-07,-1.3893065633771704,20.18930656337717
1993-08,1.0556762950933773,18.802388221035653
1993-09,-1.9867433467139377,16.006743346713936
1993-10,-1.3035877454642366,10.513265164819074
1993-11,-1.2830756239109449,5.223075623910944
1993-12,2.363447556191102,2.3107459921959954
1994-01,1.6074603915757157,1.8957654148758978
1994-02,0.9489335914032911,2.968923551453851
1994-03,3.468460935978068,6.637990676925162
1994-04,-2.3622015017964912,10.558868168463157
1994-05,0.6827324104274273,14.08178371860483
1994-06,-0.04407617872582725,18.06074284539249
1994-07,2.605129314976612,20.004548104378223
1994-08,1.1762723375206294,19.943082501189046
1994-09,-1.2234091572861212,16.30340915728612
1994-10,0.45000449383932684,10.73709228035422
1994-11,2.726916684662025,6.036416648671309
1994-12,1.5244973038102658,3.288405921996186
1995-01,-0.5397166525709909,2.323587620312926
1995-02,2.935832300725591,3.046310556417265
1995-03,-1.8169745716745813,6.942781023287484
1995-04,-0.053635131206097364,10.19696846453943
1995-05,-0.7310800243205319,14.421402604965694
1995-06,-1.6093704020107282,17.92937040201073
1995-07,1.9760278225318146,20.204617338758506
1995-08,-0.05404252108668334,19.605655424312484
1995-09,-2.7712699701827397,16.201269970182743
1995-10,3.183912175407572,10.725765243947269
1995-11,-0.5398316240906851,6.163164957424018
1995-12,-0.6542244611940172,3.176805106355307
1996-01,0.8906988074464612,1.8576882893277324
1996-02,-1.2482568617695733,2.775843068666125
1996-03,-1.9273240006445538,6.695065936128424
1996-04,0.45407955419490703,9.645920445805093
1996-05,-0.38478117992465166,14.133168276698843
1996-06,-0.021668819645364268,18.47166881964536
1996-07,-1.1970690335308851,19.98416580772443
1996-08,-0.8497964065074762,19.094957696830054
1996-09,-3.3326164827933944,16.12261648279339
1996-10,0.8072604685177027,9.879836305675845
1996-11,-0.01706012728803137,5.850393460621365
1996-12,-0.6965343483672286,2.9642762838510994
1997-01,-0.5432691826723102,1.2303659568658585
1997-02,2.409589130770384,2.75469658351533
1997-03,1.057739519752989,6.810002415730882
1997-04,-0.35346119300285006,10.076794526336185
1997-05,-0.03308277367947082,14.568566644647216
1997-06,-1.0436477396555768,17.94698107298891
1997-07,-1.5712382381278216,19.829302754256855
1997-08,1.6497348712130786,19.21478125781918
1997-09,0.8265339808368158,15.910132685829852
1997-10,-0.33489614642578996,11.099412275458047
1997-11,0.057861272110211526,6.08547206122312
1997-12,1.0937445845561384,2.4707715444761194
1998-01,1.1273890428065316,2.0661593442902424
1998-02,0.7646174329967257,3.2532397098604173
1998-03,0.7110403408931268,6.37283062684881
1998-04,-1.1450020475169842,10.49166871418365
1998-05,1.5272848741712366,14.266263512925539
1998-06,0.2301673687896168,18.12316596454372
1998-07,0.4661621220583392,20.653192716651336
1998-08,0.5308132854552841,19.504670585512464
1998-09,-1.1344699014692947,16.05113656813596
1998-10,0.1447172613289721,11.132702093509735
1998-11,-2.4186059274221994,5.7886059274222
1998-12,-0.9615892651423572,2.403524749013325
1999-01,0.9290378935526182,1.693542751608672
1999-02,-0.9584885674338848,2.704917138862456
1999-03,0.6903838859888524,6.428970952720826
1999-04,-0.4613860750366575,10.19805274170332
1999-05,2.5994560668871896,14.074737481499902
1999-06,-1.6887650071004547,18.768765007100452
1999-07,0.9297074402970045,20.03480868873525
1999-08,0.55708877624216,19.35581444956429
1999-09,1.823564242662234,16.3797690906711
1999-10,0.07505695732456585,11.292684978159304
1999-11,-1.6164243498419566,6.063091016508623
1999-12,0.6797580062682838,2.829919413086555
2000-01,-0.3755615776415637,1.6981422228028538
2000-02,1.9545877617782352,2.9695501692562463
2000-03,0.15152581401427812,6.977506444050237
2000-04,0.6705992493670436,10.112734083966286
2000-05,1.7254953093038972,14.806762755212235
2000-06,1.2565454706573012,18.5934545293427
2000-07,-2.107469602096092,20.623598634354153
2000-08,1.220583877029277,19.49554515522879
2000-09,0.6522578291546185,16.17440883751205
2000-10,0.8639821763862329,11.290856533291182
2000-11,0.7332456038326629,6.580087729500671
2000-12,2.295128152228203,3.0242266864814735
2001-01,0.7423319194352254,2.615732596693807
2001-02,1.0724335232316722,3.6275664767683296
2001-03,1.9882562924735219,6.8020662881716385
2001-04,-2.635933041214229,11.042599707880896
2001-05,1.7794238900795913,14.527027722823629
2001-06,-1.3212825524691454,18.411282552469146
2001-07,-0.6086360031824605,20.679603745117948
2001-08,0.5166771807783794,19.634935722447434
2001-09,-3.379057800289989,16.145724466956658
2001-10,3.0225398145471463,11.029073088678663
2001-11,-2.1779211911346312,6.437921191134633
2001-12,-1.280939161256477,2.7970681935145416
2002-01,-0.5951984042644982,2.072617759103208
2002-02,3.6904214607146426,2.5702928249996417
2002-03,0.10649183495278236,7.461250100531088
2002-04,-0.5662060990837015,10.836206099083704
2002-05,-0.9525337108160835,14.268662743074149
2002-06,1.993971468683251,18.409361864650077
2002-07,-1.2026793557186752,20.92848580733158
2002-08,-0.9899532198191393,19.344791929496555
2002-09,-1.618235347490887,16.35490201415756
2002-10,0.6492860024077534,10.744262384689021
2002-11,1.6907377683488756,6.089262231651124
2002-12,1.9661704360592571,3.6725392413600977
2003-01,-0.8034450431318889,2.367961172164147
2003-02,-2.8915180612019133,3.1950894897733417
2003-03,1.5466268746461544,6.353373125353846
2003-04,0.5328409535708459,10.20382571309582
2003-05,0.8218204160158451,14.997534422693835
2003-06,5.3691165606070745,18.677550106059588
2003-07,1.082092089067353,21.298553072222973
2003-08,3.185463536588421,20.701633237605133
2003-09,-1.488618711254548,17.12861871125455
2003-10,-2.5512278337807164,11.196389124103295
2003-11,-0.4030743489075961,6.3630743489075945
2003-12,0.31041563558389523,2.7799069450612666
2004-01,0.3903975582222692,2.2870217966164406
2004-02,-0.39904289169842233,3.768008408939801
2004-03,-1.0728332752633942,6.4599300494569425
2004-04,-0.07801415122188593,10.50134748455522
2004-05,-0.9679838212323253,14.893790272845234
2004-06,0.8196043534784985,17.983728979854835
2004-07,-0.9226886719310929,21.00333383322142
2004-08,0.42484636975592427,19.67515363024407
2004-09,0.22265332585251646,16.194013340814152
2004-10,1.8678534969723828,11.686985212705038
2004-11,-0.6878794746425392,6.611212807975874
2004-12,-0.28066065672852547,3.122596140599493
2005-01,-1.088887646233149,2.4050166784912133
2005-02,-2.3231276594363326,2.8766990880077614
2005-03,0.4152550812561365,6.3524868542277355
2005-04,0.025626815165964323,10.49770651816737
2005-05,0.7941893027602995,14.525165535949377
2005-06,1.8041365383506651,18.712530128316
2005-07,-0.08119130118775564,20.96506226892969
2005-08,-1.1915910237779912,19.769010378616706
2005-09,0.5581521982320183,16.338514468434646
2005-10,0.4372041846537866,11.246666783088148
2005-11,-1.5785627068741779,6.418562706874177
2005-12,-2.635613076629871,3.0807743669524514
2006-01,-1.096615850075905,1.3740352049146145
2006-02,-1.4465413310345534,2.853684188177411
2006-03,-1.3423222884372417,6.410064223921112
2006-04,0.4141591826587212,9.762507484007946
2006-05,-0.10113645976582575,14.614039685572278
2006-06,1.254043573654763,18.2926230930119
2006-07,3.25116979691147,20.45850762244337
2006-08,-3.566505506577024,20.3858603452867
2006-09,2.1188272451051966,15.834506088228133
2006-10,2.4469473681533733,11.153052631846627
2006-11,0.7705649469862155,6.892768386347118
2006-12,-0.15036024023996153,3.5019731434657677
2007-01,2.4037934120843056,1.880077555657631
2007-02,1.724742012329476,3.8859722733848097
2007-03,-0.5710612073295174,7.274287013781134
2007-04,3.9756109097677026,10.354389090232297
2007-05,-0.4336789790265705,15.720775753220119
2007-06,-0.13282522892595394,18.722825228925945
2007-07,-1.7749087609573446,20.64265069644122
2007-08,-1.0109068458865893,19.685100394273682
2007-09,-1.4932899147537,16.166623248087035
2007-10,-0.19436394430419768,10.965331686239683
2007-11,-2.15838124354425,6.338381243544251
2007-12,-0.43581205536412215,2.7035539908479937
2008-01,1.874507761267237,1.880330948410182
2008-02,0.3200993722113181,3.597142007099027
2008-03,-0.8627637195072613,6.895021784023389
2008-04,-1.1265736794597565,10.29324034612642
2008-05,1.2682317543966286,14.499510181087246
2008-06,-0.006575004948301766,18.529908338281636
2008-07,-0.6988926145097554,20.653731324187177
2008-08,-0.34589528168955375,19.639443668786328
2008-09,-2.02809394453195,16.141427277865287
2008-10,0.26455389889135333,10.916091262398965
2008-11,0.14559062296650307,6.111076043700163
2008-12,-1.4271489062775586,3.0497295514388485
2009-01,-2.135074911472624,1.8899136211500434
2009-02,-0.7494568608270757,2.528028289398504
2009-03,0.013551201737657448,6.29612621761718
2009-04,2.132362770751094,10.260970562582239
2009-05,2.1625487581712823,14.801967370860972
2009-06,-0.6124286054299193,18.832428605429914
2009-07,-0.06311322156442667,20.556661608661198
2009-08,1.7526824434593746,19.46022078234708
2009-09,-0.06052342397852084,16.640523423978518
2009-10,-0.7348434339359758,11.370327304903716
2009-11,1.843752266331792,5.952914400334874
2009-12,-1.1449029786243015,3.464257817333978
2010-01,-2.415235495275076,2.0313645275331407
2010-02,-0.5480631011741097,2.5444916726026814
2010-03,-0.8501521349063317,6.434023102648268
2010-04,0.9156502319708422,10.12768310136249
2010-05,-1.536895743384607,14.57237961435235
2010-06,-0.45177978604376745,18.095113119377103
2010-07,1.9184094444362298,20.2138486200799
2010-08,-1.036828999046544,19.756183837756225
2010-09,-1.8779133229468028,16.251246656280138
2010-10,-0.5236099195497976,10.610706693743346
2010-11,0.523386205538406,5.75328046112826
2010-12,-2.8844330696329776,3.1586266180200746
2011-01,1.287943671495324,1.2410885865691919
2011-02,0.15732911709139147,2.9462423114800367
2011-03,0.5259361303751582,6.719225159947421
2011-04,3.0298268219526108,10.14350651138072
2011-05,1.2446390045748272,15.006973898650982
2011-06,-1.0207639526426038,18.834097285975936
2011-07,-2.353910171500561,20.157135977952173
2011-08,1.1677905117271676,19.074144972143795
2011-09,0.8867036209425405,16.333296379057455
2011-10,-0.14478286181309924,11.151234474716327
2011-11,0.29340990863516603,6.2265900913648355
2011-12,1.1224410153427242,3.035623500786308
2012-01,0.845815799190249,2.0735390395194275
2012-02,-5.530366017360807,3.4579522242573577
2012-03,2.9634669922395314,5.607500749695953
2012-04,-0.06643354384852684,10.27976687718186
2012-05,0.2614952454056437,14.848182173949196
2012-06,0.7929451996587377,18.273721467007924
2012-07,-0.5336173996002682,20.323939980245427
2012-08,0.8563552193290445,19.83074155486451
2012-09,-0.5965629753787522,16.143229642045416
2012-10,0.25331421406699217,10.966040624642687
2012-11,0.6126251999382135,6.424041466728454
2012-12,0.09994632029047894,2.8548923893869405
2013-01,-0.8085618486893067,2.11178765514092
2013-02,-2.7386162667502094,3.1207591238930665
2013-03,-1.5708720081900986,5.754742975932036
2013-04,0.3547710125016209,9.898562320831713
2013-05,-2.9401917491588807,14.456320781416943
2013-06,-0.4508596782975689,17.4141930116309
2013-07,1.3739852036749385,20.126014796325066
2013-08,0.47655740839497984,19.52021678515341
2013-09,-0.20658826449841425,16.126588264498412
2013-10,1.7340205045438184,11.062753689004566
2013-11,-0.25210662170552695,6.152106621705529
2013-12,-1.4425386915617975,2.9844741754327653
2014-01,2.4737565441347327,1.6326950687684931
2014-02,1.6583852138496302,3.127329071864655
2014-03,0.6735034296128801,7.110367538129056
2014-04,1.3745178778641645,10.455482122135837
2014-05,-1.1261597696998848,14.66486944711924
2014-06,0.7666691855888959,18.379997481077766
2014-07,-1.9806451124929794,20.383870918944588
2014-08,-1.1931193155639273,19.16731286395103
2014-09,0.6550108781475352,16.041655788519133
2014-10,2.8289882173380443,10.864560169758729
2014-11,1.5087344451634555,6.707932221503212
2014-12,0.6536601667156645,3.60763015586498
2015-01,0.5897864926657211,2.0037618944310536
2015-02,-1.7951525618761934,3.459438276161908
2015-03,0.8591538261996813,6.469878431864837
2015-04,1.017089937008451,10.156243396324884
2015-05,0.22393700228407254,15.082514610619151
2015-06,1.4298478142743827,18.473485519058947
2015-07,3.6045024464659243,20.592271747082464
2015-08,0.0639909896362072,20.752138042621862
2015-09,-1.8303690029170785,16.58703566958375
2015-10,-0.8195760118454515,10.916350205393842
2015-11,0.823580274488223,6.286419725511776
2015-12,0.7400832922681486,3.179271546441529
2016-01,1.8403913564101642,2.320898966170481
2016-02,1.1341745876133669,3.84513575721422
2016-03,-1.3159492553677126,7.038529900529003
2016-04,-0.47932104403407366,10.459321044034072
2016-05,-1.4326070408064522,14.742284460161292
2016-06,-0.3935459893023304,18.083545989302333
2016-07,0.22886109240755026,20.59371955275374
2016-08,0.6310587694028076,19.772167037048803
2016-09,2.051571764554392,16.44842823544561
2016-10,-1.9582023307222716,11.877557169431947
2016-11,0.06804563526123797,6.105287698072096
2016-12,-1.737059286224016,3.0886721894498224
2017-01,-2.8736180573507673,1.941359992834638
2017-02,2.197075383054427,2.5957817598027155
2017-03,1.8910455884625565,6.841212476053572
2017-04,-0.5458811960925272,11.01921452942586
2017-05,0.29675449792662095,14.748406792395963
2017-06,2.517001228652851,18.352998771347146
2017-07,0.107228731401803,21.257287397630456
2017-08,1.180013772155153,19.97482493752226
2017-09,-2.544122977321674,16.594122977321675
2017-10,0.6106311853094357,11.157110750174438
2017-11,-0.5379102556430835,6.264576922309749
2017-12,-0.6531910488824815,3.1080297585599004
2018-01,3.7663518500028697,2.2304223435455177
2018-02,-2.534169287694768,3.7555978591233394
2018-03,-1.4200315554435596,6.745838007056461
2018-04,3.0730446890899383,10.19362197757673
2018-05,0.49989526766647097,14.987201506527077
2018-06,0.5220919745998069,19.127908025400195
2018-07,1.5278213039186506,20.743146438016833
2018-08,1.6778206850570054,20.002824476233314
2018-09,0.6148096055294738,17.32852372780386
2018-10,0.7727360746063014,11.501457473780794
2018-11,0.24404852919158126,6.675951470808419
2018-12,1.0117819443045115,3.8462825718245193
2019-01,-0.536501894211096,2.317147055501419
2019-02,0.2682532957559778,3.6067467042440216
2019-03,0.8867563471246318,7.271308169004403
2019-04,-0.31911454069177186,10.582447874025103
2019-05,-2.905686054581706,15.299234441678479
2019-06,1.7153597072140903,18.197973626119243
2019-07,1.972770176522887,20.672391113799694
2019-08,-0.1964414791849045,20.82224793079781
2019-09,0.5487964670096845,16.67120353299032
2019-10,1.6981533151439634,11.459911200985069
2019-11,-1.011219708829966,7.347886375496635
2019-12,1.6505471469458013,3.2720334982154893
2020-01,0.5325012451828033,2.6126600451397772
2020-02,2.9395551797277175,4.150099992686074
2020-03,-0.12604645597378727,7.522820649522175
2020-04,1.9148738331365642,11.048459500196769
2020-05,-0.21857220800730204,15.847604466071818
2020-06,-0.7858975090933462,18.71256417576001
2020-07,1.0230571996810731,21.128555703544727
2020-08,0.7062135875547497,20.47443157373557
2020-09,0.48005018576427716,16.83328314756906
2020-10,-1.948304753087332,12.212820882119587
2020-11,0.3917794309397893,6.441553902393544
2020-12,0.44378233711902926,3.482024114493874
2021-01,-0.6533689959729043,2.9824012540374207
2021-02,2.0069190551919194,3.5395095162366514
2021-03,-0.8023433902412711,7.495891777338044
2021-04,-1.7361496066703563,11.17948294000369
2021-05,-2.4511025276850553,14.712392850265699
2021-06,1.5691669805032644,18.287499686163397
2021-07,-1.7856710877645434,21.337283990990354
2021-08,-3.9245939243638364,19.724593924363834
