,Date,resid_arma
0,1901-01,-0.7688777412909106
1,1901-02,-3.843589853233219
2,1901-03,-0.5335747062840727
3,1901-04,1.5655644722433184
4,1901-05,0.8553987556445065
5,1901-06,0.8838782456019274
6,1901-07,0.38894587130838876
7,1901-08,-0.6280678487650939
8,1901-09,0.38108417245858595
9,1901-10,-0.23735599260274998
10,1901-11,-1.6902155725869479
11,1901-12,0.36954383035871574
12,1902-01,0.9373020421113499
13,1902-02,-0.425884077654027
14,1902-03,0.8102438743556888
15,1902-04,2.58706910813947
16,1902-05,-3.6679198055667626
17,1902-06,-0.28837952576618486
18,1902-07,1.2864425938188302
19,1902-08,-0.7116644394277207
20,1902-09,-0.4377410899910369
21,1902-10,0.05105486927494873
22,1902-11,-1.0592007715390743
23,1902-12,-0.20470615877306525
24,1903-01,0.9566381650146433
25,1903-02,1.1731706304429437
26,1903-03,0.9459605454742785
27,1903-04,-2.463887633007722
28,1903-05,0.3567443446105777
29,1903-06,-1.219045003988411
30,1903-07,-0.5478210875393932
31,1903-08,0.022137462886450465
32,1903-09,0.6239798881383337
33,1903-10,0.9330150690053991
34,1903-11,0.3021784367358321
35,1903-12,-0.6019456187374905
36,1904-01,-0.5053450319484963
37,1904-02,1.9068984642422895
38,1904-03,-0.4066788751838363
39,1904-04,2.011640500319801
40,1904-05,1.3192077783575198
41,1904-06,0.678280820060628
42,1904-07,2.333429436199701
43,1904-08,1.5907473007994186
44,1904-09,-2.081208983024574
45,1904-10,0.030325560987723668
46,1904-11,-0.4813545406194378
47,1904-12,0.010907163143086374
48,1905-01,-2.554219783609614
49,1905-02,0.34156017190395904
50,1905-03,1.3285785950696871
51,1905-04,0.97914215485411
52,1905-05,-1.2839838471558644
53,1905-06,0.7852839720462463
54,1905-07,2.9520290231012893
55,1905-08,-0.2651946336133294
56,1905-09,-0.24691434056592787
57,1905-10,-3.565995015124503
58,1905-11,0.35599836115373107
59,1905-12,-0.5131587001191662
60,1906-01,1.564817023569063
61,1906-02,-1.794404191422414
62,1906-03,-0.7066954130010183
63,1906-04,0.2667331331879055
64,1906-05,0.12172700309685885
65,1906-06,0.30046667502463226
66,1906-07,0.6142853375339333
67,1906-08,1.3493916147908227
68,1906-09,-0.00423927413073788
69,1906-10,1.6521767103882308
70,1906-11,0.7911411333480197
71,1906-12,-3.063393777379811
72,1907-01,-0.1269815401044868
73,1907-02,-2.7036913774298967
74,1907-03,-0.706447767469066
75,1907-04,-0.9695351039061053
76,1907-05,0.5218045655096978
77,1907-06,-0.45305425150535317
78,1907-07,-1.5267973262697079
79,1907-08,1.4083757296747197
80,1907-09,0.34508966713939726
81,1907-10,0.4656326213233519
82,1907-11,1.559961059116493
83,1907-12,2.01671492718764
84,1908-01,-2.8569379647816597
85,1908-02,0.5768301481718078
86,1908-03,-0.5803241785978811
87,1908-04,-1.4716192701218782
88,1908-05,2.294234707041191
89,1908-06,1.293736468612948
90,1908-07,-0.7596107059568824
91,1908-08,-0.7822135993692192
92,1908-09,-0.27882335349840537
93,1908-10,-0.21197548103527347
94,1908-11,-1.0819638642656098
95,1908-12,-0.18943443996212472
96,1909-01,-1.8567896161843522
97,1909-02,-2.123076304032171
98,1909-03,-1.9488358591723625
99,1909-04,1.880490555877651
100,1909-05,0.051002541927246195
101,1909-06,-1.823082227856716
102,1909-07,-1.5936315107785892
103,1909-08,0.3349665750454738
104,1909-09,-0.9566534956184372
105,1909-10,1.5699057487171153
106,1909-11,-0.9759151773315656
107,1909-12,2.746784002177794
108,1910-01,1.275604442125629
109,1910-02,1.5613180480495432
110,1910-03,-0.5785611536813537
111,1910-04,-0.31924037534272737
112,1910-05,-1.0276502603892381
113,1910-06,0.5112894957659778
114,1910-07,-1.830875341374965
115,1910-08,-0.36480454861722167
116,1910-09,-1.3558532180970582
117,1910-10,1.4407651862332864
118,1910-11,-0.3367615997195171
119,1910-12,2.3888891348085632
120,1911-01,-2.5422041730912763
121,1911-02,1.0321653614170798
122,1911-03,0.24798343721297528
123,1911-04,-0.40412590553856353
124,1911-05,0.5483242087165291
125,1911-06,-0.05690588521032852
126,1911-07,2.8690785899032263
127,1911-08,2.7217202775624427
128,1911-09,1.6873553732988835
129,1911-10,-0.442404368761226
130,1911-11,2.2563976956899334
131,1911-12,1.746784012365159
132,1912-01,0.9338010834356786
133,1912-02,2.7783557846855733
134,1912-03,1.6404087774372744
135,1912-04,-1.3453143642752363
136,1912-05,1.3266331523655082
137,1912-06,-0.5162830261508723
138,1912-07,-1.4881670898054313
139,1912-08,-2.5364211680390882
140,1912-09,-4.047604863495609
141,1912-10,-0.5518238009935169
142,1912-11,-1.5136213480411174
143,1912-12,0.11547794586612138
144,1913-01,2.395111190240213
145,1913-02,-0.2705666974298594
146,1913-03,1.3059073647908823
147,1913-04,0.01916924664112918
148,1913-05,-0.0922083569163918
149,1913-06,-0.4597526363207527
150,1913-07,-2.589316317809309
151,1913-08,-0.24885265169547044
152,1913-09,-0.8078245331335898
153,1913-10,0.8329753546568768
154,1913-11,2.6224290889419795
155,1913-12,-0.5198749693394357
156,1914-01,-3.4070534215507613
157,1914-02,1.2509742912928319
158,1914-03,1.1095148085131878
159,1914-04,1.7835204696136913
160,1914-05,-1.8098519302153275
161,1914-06,-0.6546386736701885
162,1914-07,-1.6395774000560872
163,1914-08,-0.33802968722934146
164,1914-09,-0.10700951993409835
165,1914-10,-0.6072854399532286
166,1914-11,-0.3142511589525203
167,1914-12,3.1190088717496676
168,1915-01,0.49821819728562333
169,1915-02,-0.4665593326473588
170,1915-03,-0.5871385146237158
171,1915-04,-0.8127409685354183
172,1915-05,2.606336144097723
173,1915-06,1.281270347145134
174,1915-07,-1.2636035194496817
175,1915-08,-0.8511268697869477
176,1915-09,-1.4135245918739312
177,1915-10,-1.7185080731008633
178,1915-11,-1.1945160802811294
179,1915-12,4.886685006917764
180,1916-01,1.1888916070505555
181,1916-02,0.40532706955328945
182,1916-03,-0.5205860732984897
183,1916-04,0.03409023686134806
184,1916-05,0.9714739302819475
185,1916-06,-2.2525092072636657
186,1916-07,-0.9336952490350964
187,1916-08,-0.03543260008767046
188,1916-09,-2.092522524919496
189,1916-10,0.18310330792680085
190,1916-11,0.5329368932229763
191,1916-12,0.6558489147580238
192,1917-01,-1.8394818324687046
193,1917-02,-2.4222604697234016
194,1917-03,-1.7089309503782828
195,1917-04,-1.868168149573957
196,1917-05,3.3697638333042272
197,1917-06,1.465472508425536
198,1917-07,-0.5663619994342878
199,1917-08,-1.1087742827369427
200,1917-09,2.062294034400062
201,1917-10,-1.9532620398266047
202,1917-11,0.002843176634641398
203,1917-12,-3.695348552554525
204,1918-01,1.0502906783465407
205,1918-02,0.09831530274806943
206,1918-03,-0.43899286807383997
207,1918-04,-0.3294494382909934
208,1918-05,2.0710844729303535
209,1918-06,-1.7915925889677204
210,1918-07,-0.1666354401189616
211,1918-08,0.6744562998686174
212,1918-09,0.4999828934875886
213,1918-10,-1.8592198302944927
214,1918-11,0.9755472334121931
215,1918-12,2.6712560198439896
216,1919-01,0.30220249457325143
217,1919-02,0.06139303454157487
218,1919-03,0.08050661870032823
219,1919-04,-2.5390237430632383
220,1919-05,0.9237095742795881
221,1919-06,0.6380514210226635
222,1919-07,-3.0037104565425006
223,1919-08,2.9421527681746262
224,1919-09,1.6326630725860576
225,1919-10,-3.411708897772995
226,1919-11,-0.9118844524643507
227,1919-12,2.2431411349977917
228,1920-01,2.663991327097487
229,1920-02,0.9516443545066157
230,1920-03,1.5457633116152534
231,1920-04,0.3049739026503634
232,1920-05,3.0387231344501417
233,1920-06,-0.2596272828451419
234,1920-07,-0.5333230920893275
235,1920-08,-1.0404517041832957
236,1920-09,0.2589060964053792
237,1920-10,0.07374166903196794
238,1920-11,-0.24093120602202245
239,1920-12,0.15265753440793717
240,1921-01,3.006277733808572
241,1921-02,-0.40712353985616734
242,1921-03,0.7780559344626047
243,1921-04,-1.0003073306004802
244,1921-05,1.442857802912142
245,1921-06,0.7963120701252014
246,1921-07,2.4369153441024722
247,1921-08,-0.20523648715207077
248,1921-09,0.8534606088150531
249,1921-10,1.7638946566426197
250,1921-11,-2.608066111746519
251,1921-12,0.09706847078161485
252,1922-01,0.06927742056317233
253,1922-02,0.3043504783417673
254,1922-03,-0.05602666803813705
255,1922-04,-1.4433160112917591
256,1922-05,2.505549931113692
257,1922-06,0.2850668139892144
258,1922-07,-1.79864398181951
259,1922-08,-0.8463396414642749
260,1922-09,-2.0222661066396204
261,1922-10,-1.3194507152722923
262,1922-11,-1.4248858872839858
263,1922-12,0.26438448044241003
264,1923-01,0.007739003567801883
265,1923-02,1.8811192730202897
266,1923-03,0.6016994872737539
267,1923-04,-0.35936617865943754
268,1923-05,-0.2530032242681219
269,1923-06,-2.5631961523349056
270,1923-07,2.5040462391557883
271,1923-08,1.204130843054498
272,1923-09,-0.7113175885691854
273,1923-10,1.4996197105735802
274,1923-11,-0.45592445123834546
275,1923-12,0.21763235819637178
276,1924-01,-0.6820142959589006
277,1924-02,-1.8462074402672632
278,1924-03,-0.04489072690238137
279,1924-04,0.6547879266390637
280,1924-05,1.698474872821024
281,1924-06,-0.6705000127581481
282,1924-07,-0.20062936083020344
283,1924-08,-2.872550275840186
284,1924-09,0.006411867099400129
285,1924-10,0.275984168786678
286,1924-11,0.6342851899806284
287,1924-12,-0.7527715388380366
288,1925-01,1.9660327460815128
289,1925-02,1.814186567817765
290,1925-03,-2.8444260534992702
291,1925-04,0.690905847046377
292,1925-05,-0.08418779602161985
293,1925-06,0.8584738559196511
294,1925-07,-0.9405878413665031
295,1925-08,-0.5543329603140008
296,1925-09,-1.770426291074528
297,1925-10,1.160707487223643
298,1925-11,-1.430137935610594
299,1925-12,0.77908373431316
300,1926-01,0.21574848388146278
301,1926-02,3.596948688112936
302,1926-03,-0.1664950078299413
303,1926-04,0.9434727905958233
304,1926-05,-1.974600161411494
305,1926-06,-2.0300435707008364
306,1926-07,-0.373736265953981
307,1926-08,0.4320237805868233
308,1926-09,2.045227889692762
309,1926-10,0.5187961323461673
310,1926-11,1.9519146544450303
311,1926-12,-2.1840759488016466
312,1927-01,1.0722354214025767
313,1927-02,-0.28573052232059504
314,1927-03,0.7552670983644167
315,1927-04,0.8192753815671534
316,1927-05,1.296379261862087
317,1927-06,-0.5033477635851082
318,1927-07,-0.44941307326151736
319,1927-08,-0.9884538536591292
320,1927-09,-0.36778653395697325
321,1927-10,-0.6109368463523095
322,1927-11,0.33720146949028273
323,1927-12,-0.2131377887539176
324,1928-01,1.7668547187182089
325,1928-02,1.2152063391159285
326,1928-03,0.6022557314321672
327,1928-04,-0.4476759787061788
328,1928-05,-1.6709563550011413
329,1928-06,0.7008530487190522
330,1928-07,3.654200012248306
331,1928-08,1.5471707012416303
332,1928-09,-0.6200253474216336
333,1928-10,-0.5814213672300159
334,1928-11,1.551108766723212
335,1928-12,-0.8259769821997657
336,1929-01,-3.5461252335895423
337,1929-02,-5.328402925087983
338,1929-03,0.42333911272439917
339,1929-04,-1.2872796664959063
340,1929-05,0.5707272238650426
341,1929-06,1.083878049632428
342,1929-07,0.6764633322086555
343,1929-08,-0.504051996746263
344,1929-09,2.6299644952581382
345,1929-10,0.2759332851182613
346,1929-11,-0.24593921877144342
347,1929-12,2.9381634214992145
348,1930-01,1.2723170710210772
349,1930-02,-0.6003699186857306
350,1930-03,1.0450495479340223
351,1930-04,0.32385754151106194
352,1930-05,-1.660920339778623
353,1930-06,2.6557149626700225
354,1930-07,-1.8178024921769973
355,1930-08,-0.07177924948240089
356,1930-09,1.107788035952823
357,1930-10,-0.5483425500236185
358,1930-11,2.2667867578724934
359,1930-12,0.4347502198914269
360,1931-01,0.6664145245413312
361,1931-02,-1.4046808501032975
362,1931-03,-1.3584057463912564
363,1931-04,-0.5873045829540712
364,1931-05,2.000204404627392
365,1931-06,2.176784022708306
366,1931-07,-1.9848845105717274
367,1931-08,-1.811890879211409
368,1931-09,-3.458460122095943
369,1931-10,-0.7558228274227824
370,1931-11,2.060674165340074
371,1931-12,-1.6689152455092324
372,1932-01,0.24623118956886003
373,1932-02,-3.0420471129671114
374,1932-03,-1.0319826090291633
375,1932-04,-1.2355066368496361
376,1932-05,-0.6006703753527428
377,1932-06,-0.6762004382733761
378,1932-07,-1.148533735642159
379,1932-08,2.738541562303546
380,1932-09,2.3043449143617214
381,1932-10,0.1814993553721903
382,1932-11,0.7317697392919963
383,1932-12,-0.39797896903359875
384,1933-01,-2.1532756880893182
385,1933-02,0.7754269857949635
386,1933-03,0.24707293281621712
387,1933-04,1.461488202216658
388,1933-05,-1.0107975826866267
389,1933-06,-2.1569458044478886
390,1933-07,1.5686713719117744
391,1933-08,1.4193357183076198
392,1933-09,0.5372961247372343
393,1933-10,0.21725250817101566
394,1933-11,-0.9528738509244551
395,1933-12,-3.826749874722836
396,1934-01,0.7641190015100068
397,1934-02,-0.766262338732849
398,1934-03,-0.034245982672267625
399,1934-04,1.8678471177104161
400,1934-05,1.9633066886611705
401,1934-06,0.2763347380535499
402,1934-07,1.1211209600445113
403,1934-08,-1.0270360526075915
404,1934-09,1.3337721297791152
405,1934-10,-0.1352106261907594
406,1934-11,-1.1760939577458194
407,1934-12,3.2504488241563085
408,1935-01,-1.7195944664623077
409,1935-02,1.6895518343949774
410,1935-03,-1.0749247872204382
411,1935-04,-0.06403267676757673
412,1935-05,-1.2927962006853395
413,1935-06,2.082515506418642
414,1935-07,1.3054873458037837
415,1935-08,-1.2904968156059327
416,1935-09,1.074876319174679
417,1935-10,0.01991779453371234
418,1935-11,0.756118406528309
419,1935-12,-0.7020232702902244
420,1936-01,4.205733985743188
421,1936-02,-0.46080172109947815
422,1936-03,1.121671132011987
423,1936-04,-1.2308590030502864
424,1936-05,0.8689916770932213
425,1936-06,-0.4727342217000812
426,1936-07,-1.6810329567400601
427,1936-08,-0.16301938662692317
428,1936-09,0.28067342147030944
429,1936-10,-3.3134886137548833
430,1936-11,1.101959873340609
431,1936-12,0.4230998879134336
432,1937-01,1.3596454630835266
433,1937-02,2.8008430322256936
434,1937-03,-1.9893575478097723
435,1937-04,0.028291140890779776
436,1937-05,1.6432347113006114
437,1937-06,0.7083592426252505
438,1937-07,0.20475233887607802
439,1937-08,0.6517976443138832
440,1937-09,-0.8461907466106591
441,1937-10,-0.21600783008034108
442,1937-11,-0.08315278589572107
443,1937-12,-1.3426557922443874
444,1938-01,1.3603614114147493
445,1938-02,-0.9881592972137923
446,1938-03,1.7289749168231165
447,1938-04,-2.168892585124632
448,1938-05,-0.9583891431329479
449,1938-06,0.8527831332520768
450,1938-07,-0.9636446892531345
451,1938-08,-0.2621477292540858
452,1938-09,0.13036067941149432
453,1938-10,0.40644189955613896
454,1938-11,1.5329618891248682
455,1938-12,-2.531847403956119
456,1939-01,2.668961762456561
457,1939-02,-0.46895544099442366
458,1939-03,-2.696990181633979
459,1939-04,1.5401399039682535
460,1939-05,-3.1648288450382807
461,1939-06,0.2536434851882058
462,1939-07,-1.1037410590420078
463,1939-08,-0.09088427548697019
464,1939-09,-0.7488124587246325
465,1939-10,-0.34803804912234815
466,1939-11,2.043182642754739
467,1939-12,-1.3231584165206964
468,1940-01,-3.805072443916285
469,1940-02,0.7617562924854481
470,1940-03,0.48467006250178674
471,1940-04,-0.0003603728652594729
472,1940-05,0.03540318410300103
473,1940-06,-0.37183242736616945
474,1940-07,-1.3418592169494072
475,1940-08,-0.5405481333703966
476,1940-09,0.7845783958984018
477,1940-10,-0.45135043954947307
478,1940-11,1.3855084419299701
479,1940-12,-4.211545684069137
480,1941-01,-0.5604897697436971
481,1941-02,0.9790027671561308
482,1941-03,0.5444777878810254
483,1941-04,-1.3300522238058121
484,1941-05,-2.6507896638147446
485,1941-06,0.8719811267734411
486,1941-07,1.2172019814204453
487,1941-08,-0.9262333527393112
488,1941-09,-0.6573125111309039
489,1941-10,-0.6423504722684169
490,1941-11,0.185143040786229
491,1941-12,-0.9571035991055515
492,1942-01,-2.7481240625117542
493,1942-02,-3.042344688319552
494,1942-03,1.617211197241328
495,1942-04,1.087089270651757
496,1942-05,0.6486299731244327
497,1942-06,0.6580629741396778
498,1942-07,0.9496217711912369
499,1942-08,1.1316888760380026
500,1942-09,2.2421988269769955
501,1942-10,1.7258188181298426
502,1942-11,-1.289474877844491
503,1942-12,-0.3935804964362163
504,1943-01,1.1887613538042294
505,1943-02,1.0777262204388398
506,1943-03,1.4721267236948323
507,1943-04,1.4577405257328566
508,1943-05,0.9920354760758961
509,1943-06,-0.3938570727779226
510,1943-07,0.48269923042502705
511,1943-08,1.7939240921178055
512,1943-09,0.7957468617490809
513,1943-10,1.701832691611328
514,1943-11,-0.9176385391376366
515,1943-12,0.4219882000603553
516,1944-01,0.4853163538451168
517,1944-02,-2.609110428811858
518,1944-03,-1.4282744477036209
519,1944-04,2.4246999595161856
520,1944-05,0.6575525714177445
521,1944-06,-0.4754680236905712
522,1944-07,0.07689974485146911
523,1944-08,4.044470133050134
524,1944-09,-1.2643961755166397
525,1944-10,-1.324854570861022
526,1944-11,0.6173159304687855
527,1944-12,-1.0192008780373154
528,1945-01,-4.105346986897482
529,1945-02,3.034959340714031
530,1945-03,1.0098037162376339
531,1945-04,2.21855483866143
532,1945-05,1.580923568508044
533,1945-06,2.5015567286678144
534,1945-07,1.2753137115875108
535,1945-08,-0.6399315191291378
536,1945-09,1.1652439469132045
537,1945-10,-0.11788895362282892
538,1945-11,-1.2604236517964993
539,1945-12,0.045723935529666804
540,1946-01,-1.563809701970822
541,1946-02,3.0726656690307608
542,1946-03,0.4273945932718438
543,1946-04,2.3174245212590567
544,1946-05,0.1955638956813236
545,1946-06,-0.7290303186480057
546,1946-07,0.9815926027368188
547,1946-08,-0.36442467283968316
548,1946-09,-0.004646589188808226
549,1946-10,-1.076676569043726
550,1946-11,-0.29379943120354685
551,1946-12,-1.7772944982070076
552,1947-01,-2.319500528769574
553,1947-02,-1.3502726234086064
554,1947-03,1.0040004508394418
555,1947-04,2.883710016719477
556,1947-05,1.4073731362100776
557,1947-06,1.2489026939253176
558,1947-07,1.2413339236429577
559,1947-08,2.273614032957725
560,1947-09,1.5774274753658564
561,1947-10,-0.161163373469143
562,1947-11,1.5867339339796533
563,1947-12,-0.35519725143851333
564,1948-01,2.411219046089863
565,1948-02,-0.4394820446057073
566,1948-03,3.0193398289892865
567,1948-04,-0.5035219858906708
568,1948-05,0.46925187882090824
569,1948-06,-1.8208714583815064
570,1948-07,-2.71110895006685
571,1948-08,-0.19656346669616187
572,1948-09,-1.168034821579588
573,1948-10,0.360915184577946
574,1948-11,-0.5900728135618851
575,1948-12,-1.131188508926457
576,1949-01,0.0743071306084847
577,1949-02,-0.47130281782714994
578,1949-03,-2.187859430088743
579,1949-04,2.8211197304614424
580,1949-05,-2.1200440804344387
581,1949-06,-0.03333041546176074
582,1949-07,1.61765530496983
583,1949-08,1.1952274983056481
584,1949-09,2.1919800705627246
585,1949-10,0.6064844804023014
586,1949-11,-0.736597586985459
587,1949-12,1.441779513112102
588,1950-01,-0.9781776538839624
589,1950-02,1.497433712329701
590,1950-03,-0.21504091989188934
591,1950-04,-1.436763653055191
592,1950-05,1.2164111435229783
593,1950-06,1.9809427899505725
594,1950-07,1.862241798469776
595,1950-08,-0.5402440884291106
596,1950-09,-0.39886350234946133
597,1950-10,-0.5227730413323394
598,1950-11,0.7840951112303433
599,1950-12,-2.584725850091744
600,1951-01,1.3125572644909798
601,1951-02,0.5513978430725114
602,1951-03,-0.9286617624506169
603,1951-04,-0.12966781244693626
604,1951-05,-1.0365080043445891
605,1951-06,-0.47000821640025947
606,1951-07,-0.2895701615149029
607,1951-08,0.1348444999760185
608,1951-09,0.4005006467664499
609,1951-10,-0.5901052043641045
610,1951-11,1.3039164166545925
611,1951-12,-1.7243626406512478
612,1952-01,-0.936479173952308
613,1952-02,-1.9514543557866835
614,1952-03,1.703193389697328
615,1952-04,1.564485670232647
616,1952-05,0.9626729959118882
617,1952-06,1.5193295043050252
618,1952-07,3.065067801535774
619,1952-08,0.07249758743215962
620,1952-09,-3.1562174876912965
621,1952-10,0.4847118711085062
622,1952-11,-1.1065718855008102
623,1952-12,-0.18735820386738578
624,1953-01,-2.246541817741656
625,1953-02,-1.6325817321778266
626,1953-03,0.7629975730307393
627,1953-04,1.0922982300006583
628,1953-05,1.5229118116238216
629,1953-06,-1.8255422324796298
630,1953-07,0.8430484600600168
631,1953-08,0.12483784557968436
632,1953-09,0.9148719883110228
633,1953-10,1.2513819021523154
634,1953-11,-1.6408598039291094
635,1953-12,1.2362559202122303
636,1954-01,-1.7591994483117492
637,1954-02,-1.3828157046142868
638,1954-03,1.2144102148027154
639,1954-04,-1.6026585619345513
640,1954-05,-0.7697265097225544
641,1954-06,1.222900918032886
642,1954-07,-1.8673976393568852
643,1954-08,-0.941965522340987
644,1954-09,1.1342125240356367
645,1954-10,0.0019683284748853724
646,1954-11,1.1317302219387881
647,1954-12,1.738589944007325
648,1955-01,0.8668952265183016
649,1955-02,-0.359366206493437
650,1955-03,-1.380517532595076
651,1955-04,1.0934869899425923
652,1955-05,-0.1404842399422862
653,1955-06,0.055119303519548024
654,1955-07,-0.26158052000838317
655,1955-08,0.18084082441663019
656,1955-09,-0.24302840041829948
657,1955-10,-1.0601208217331888
658,1955-11,-0.5238732259259972
659,1955-12,2.906503330807527
660,1956-01,1.634680009328169
661,1956-02,-9.146045287840126
662,1956-03,1.1049913923942845
663,1956-04,-0.8763407661306762
664,1956-05,1.3958913903976888
665,1956-06,-1.7515783943269878
666,1956-07,0.16125656957937945
667,1956-08,-1.8781046405461608
668,1956-09,1.1906434823648013
669,1956-10,-1.3958356636433877
670,1956-11,-1.3882112205050396
671,1956-12,0.6918323825082224
672,1957-01,-1.2830563968275264
673,1957-02,3.273859580590773
674,1957-03,2.721141452711228
675,1957-04,-0.27339208296872874
676,1957-05,-2.553943189081044
677,1957-06,0.5000303398918173
678,1957-07,-0.285655543853609
679,1957-08,-1.2419911138877238
680,1957-09,0.19459724840151382
681,1957-10,-0.8098013303138629
682,1957-11,0.8757180705800347
683,1957-12,-0.14093805067110488
684,1958-01,-0.049005768656799065
685,1958-02,2.887505637581011
686,1958-03,-2.5348472715006305
687,1958-04,-2.250904559463167
688,1958-05,2.528166177256182
689,1958-06,-1.1236913331190386
690,1958-07,-0.5711972842499308
691,1958-08,0.8736347057182396
692,1958-09,2.007897096507309
693,1958-10,-1.8422079726453056
694,1958-11,0.6344161372841596
695,1958-12,1.9310019599345705
696,1959-01,0.33910273679692937
697,1959-02,0.32829521261574823
698,1959-03,1.9003414847140412
699,1959-04,0.16520404515559284
700,1959-05,0.9692880880109364
701,1959-06,-0.053046868638636835
702,1959-07,1.8379408569805418
703,1959-08,-0.3190913052910488
704,1959-09,1.2087136843666924
705,1959-10,-0.3623821639071009
706,1959-11,-1.4131593692678392
707,1959-12,1.7099123063201538
708,1960-01,0.056942488934576985
709,1960-02,1.2369281456420738
710,1960-03,0.8172495778604681
711,1960-04,0.2798589823226598
712,1960-05,1.0286743906740228
713,1960-06,0.7681838689774807
714,1960-07,-2.128080480632018
715,1960-08,-1.1789282752295422
716,1960-09,-1.6712033164204063
717,1960-10,-0.30352282574998457
718,1960-11,1.6589114635772737
719,1960-12,-0.10614898068830059
720,1961-01,0.82112882162495
721,1961-02,2.7519102021055657
722,1961-03,1.3828910251646196
723,1961-04,1.8662077753870634
724,1961-05,-1.3433612642816701
725,1961-06,0.6432315128902434
726,1961-07,-1.7732044494777575
727,1961-08,-0.32782911338582177
728,1961-09,3.1575639969372142
729,1961-10,0.0005859451296854612
730,1961-11,-0.369103042797743
731,1961-12,1.0843811340531864
732,1962-01,0.7970489528291005
733,1962-02,-1.6866017864880165
734,1962-03,-3.5189804820508193
735,1962-04,-0.5029055281930542
736,1962-05,-2.161121167660485
737,1962-06,-1.7381563206439488
738,1962-07,-1.6629714908823876
739,1962-08,1.3607304780928668
740,1962-09,-1.0909988565632194
741,1962-10,-0.35734342259620283
742,1962-11,-2.527253193692725
743,1962-12,-3.3712086671403267
744,1963-01,-4.910855357583284
745,1963-02,-4.040202333922944
746,1963-03,-0.8008543821852115
747,1963-04,0.6622713336442525
748,1963-05,-1.492089014738436
749,1963-06,-1.3215278970981803
750,1963-07,0.30568162804631427
751,1963-08,-2.2876251443304545
752,1963-09,-0.19668012577601235
753,1963-10,-0.6510294444526928
754,1963-11,2.54442049200618
755,1963-12,-3.4008238256978287
756,1964-01,-1.9103633957594575
757,1964-02,1.700037455132366
758,1964-03,-1.144127793723363
759,1964-04,0.5901705547143746
760,1964-05,0.7809737675770543
761,1964-06,0.3354117300870945
762,1964-07,0.672133953451975
763,1964-08,-0.6045298867167573
764,1964-09,0.25385877297014436
765,1964-10,-1.2219697536325458
766,1964-11,1.0561729648566414
767,1964-12,-1.61023812697668
768,1965-01,-0.06835200020285903
769,1965-02,-2.6850680601430987
770,1965-03,-0.8457797914782005
771,1965-04,-1.1977281612984088
772,1965-05,-0.42209799962340255
773,1965-06,-0.36795072722079114
774,1965-07,-1.8861970087837991
775,1965-08,-1.2529047567503955
776,1965-09,-2.159168820939682
777,1965-10,0.58496331087125
778,1965-11,0.47510718533111385
779,1965-12,1.427421242810595
780,1966-01,-1.0424648510287085
781,1966-02,3.7796407633261704
782,1966-03,-1.5737482280191755
783,1966-04,1.4540614287193372
784,1966-05,0.11346067676002386
785,1966-06,0.7706556000714267
786,1966-07,-1.991696691276287
787,1966-08,-0.8563422955875185
788,1966-09,1.3181804458961084
789,1966-10,2.2649152068313994
790,1966-11,-2.4048094969427605
791,1966-12,0.8528270845479005
792,1967-01,0.022158780993314586
793,1967-02,0.9877853281515792
794,1967-03,1.0189368569437334
795,1967-04,-1.2809577210322933
796,1967-05,-1.0286690965754208
797,1967-06,-1.087577337294003
798,1967-07,1.2634048866780099
799,1967-08,-0.7097065127109818
800,1967-09,-0.7026325553082531
801,1967-10,2.164408247487686
802,1967-11,-0.2279759444219679
803,1967-12,-2.0929063363844413
804,1968-01,-1.012310928012651
805,1968-02,1.1395582588690532
806,1968-03,-0.11757569702295922
807,1968-04,0.6419150229675017
808,1968-05,-1.4303847571740276
809,1968-06,-0.5946774825184324
810,1968-07,-0.8300036872782898
811,1968-08,-2.1327983035514784
812,1968-09,-1.0667661246883946
813,1968-10,2.2894601900530325
814,1968-11,-0.40526728895327413
815,1968-12,-0.4026440555044446
816,1969-01,0.7396185476678615
817,1969-02,-2.1193859482186728
818,1969-03,-0.07362636073266293
819,1969-04,-0.06873049738183923
820,1969-05,0.314489649885886
821,1969-06,-2.9615257775247503
822,1969-07,0.870118881739741
823,1969-08,-0.6965970682097938
824,1969-09,0.42965639893635854
825,1969-10,0.5947638798101206
826,1969-11,0.5974269852949964
827,1969-12,-3.54417382463913
828,1970-01,0.3701931611836009
829,1970-02,1.0464145199509627
830,1970-03,-2.862011645179912
831,1970-04,-1.8320092904594776
832,1970-05,-0.5609883178703801
833,1970-06,0.9948514246812362
834,1970-07,-0.6328220617459872
835,1970-08,0.37693317732429077
836,1970-09,0.5362665572430181
837,1970-10,-0.9777386172042657
838,1970-11,1.6802171108780444
839,1970-12,-0.7105672075333975
840,1971-01,-1.875538813189295
841,1971-02,0.4302149828924031
842,1971-03,-3.7072822330439
843,1971-04,2.800819421934425
844,1971-05,0.6193483229849907
845,1971-06,-1.8176169491079017
846,1971-07,1.3887192314769456
847,1971-08,1.9143818777880854
848,1971-09,-1.1019312901724767
849,1971-10,0.49222903667209217
850,1971-11,-0.8603284280883623
851,1971-12,-0.5048320870669379
852,1972-01,0.6139426707214138
853,1972-02,1.845728530497238
854,1972-03,0.2239007253924219
855,1972-04,-0.526414511610496
856,1972-05,-0.4666523799622794
857,1972-06,-1.8515770822841784
858,1972-07,-0.22724366777478688
859,1972-08,-0.46799472476446813
860,1972-09,-3.0982293887463754
861,1972-10,-0.7171994198106855
862,1972-11,1.828075966032629
863,1972-12,-0.8713261580300838
864,1973-01,-0.1165679700936667
865,1973-02,-0.5348629742914381
866,1973-03,-1.1188500934971977
867,1973-04,-1.9533300231334447
868,1973-05,1.1085958035021866
869,1973-06,0.1466540501481216
870,1973-07,-0.7132173677051664
871,1973-08,1.3570068477510864
872,1973-09,0.5593363564456573
873,1973-10,-1.3481838275984632
874,1973-11,-0.5282238198648567
875,1973-12,-0.4341069465614604
876,1974-01,2.6970433273272887
877,1974-02,2.2731046313087573
878,1974-03,1.595141113304245
879,1974-04,-0.5706375343254197
880,1974-05,-1.0072402949591375
881,1974-06,-1.5125470304100754
882,1974-07,-0.7004433330253789
883,1974-08,0.924874351237875
884,1974-09,-0.8468636886841261
885,1974-10,-4.340509303774083
886,1974-11,1.4248152405761205
887,1974-12,2.049206219534071
888,1975-01,2.3108039543252787
889,1975-02,-0.08139674821407528
890,1975-03,-0.9460494750500198
891,1975-04,-0.10891197672031494
892,1975-05,-0.33012073094410965
893,1975-06,-1.7510508111669736
894,1975-07,0.2032674417507262
895,1975-08,0.475884982065077
896,1975-09,0.7511398559588407
897,1975-10,-1.8478501995853014
898,1975-11,1.563885699116379
899,1975-12,-0.7195819399508078
900,1976-01,0.2907962485698323
901,1976-02,-0.16271410476320414
902,1976-03,-0.9568175501100965
903,1976-04,-0.20058381003853365
904,1976-05,1.2465775286157024
905,1976-06,2.153764156338488
906,1976-07,0.796131063301519
907,1976-08,-1.5148631176761018
908,1976-09,-1.9307695264288938
909,1976-10,1.0820379486210923
910,1976-11,0.38358502560124796
911,1976-12,-1.1920790809766815
912,1977-01,1.0656874469692976
913,1977-02,3.4316934756151016
914,1977-03,1.253800499773659
915,1977-04,-1.4507375570328604
916,1977-05,-1.3168487236865705
917,1977-06,-1.445474569414596
918,1977-07,-0.7763373497120795
919,1977-08,-1.4483472393017105
920,1977-09,-1.1288977982456352
921,1977-10,1.2032530849341674
922,1977-11,0.24506069384607054
923,1977-12,0.4953758382206085
924,1978-01,0.21981140609240502
925,1978-02,-0.0467502063912939
926,1978-03,0.21501004876492524
927,1978-04,-1.4062116879138107
928,1978-05,-1.1942831287949218
929,1978-06,-1.1695086542028226
930,1978-07,-1.3347726444001542
931,1978-08,-1.596559544263073
932,1978-09,-0.3674228529515877
933,1978-10,-1.1029686415985087
934,1978-11,-1.0322682917315507
935,1978-12,1.7663851582632009
936,1979-01,-1.9930954154937517
937,1979-02,2.390211970256111
938,1979-03,0.6099917906267566
939,1979-04,-1.7857759418556425
940,1979-05,-0.46782721783515835
941,1979-06,0.4201774798161624
942,1979-07,-0.2110979969697233
943,1979-08,-1.4236048335984592
944,1979-09,0.5520575192363375
945,1979-10,0.7853090756650004
946,1979-11,-0.5043594744467113
947,1979-12,1.8343478859135232
948,1980-01,-0.4126718695419531
949,1980-02,2.489283325783852
950,1980-03,-0.2923675307482746
951,1980-04,-1.8052620507559611
952,1980-05,-1.4795128454701694
953,1980-06,-1.9008975754599489
954,1980-07,-2.5332723763352463
955,1980-08,1.1208726737654613
956,1980-09,0.5222183112018063
957,1980-10,-1.41361910175061
958,1980-11,-0.7535371758190716
959,1980-12,-1.71253722406694
960,1981-01,-1.1547874933942537
961,1981-02,-1.7309417172523556
962,1981-03,3.061951440829412
963,1981-04,1.0137491464502677
964,1981-05,-0.9778773448892132
965,1981-06,-0.4446986535536205
966,1981-07,-1.635332620974483
967,1981-08,0.6591687852733685
968,1981-09,0.2856309401239655
969,1981-10,0.2611143710846838
970,1981-11,-0.48940627224295075
971,1981-12,0.36993996587685274
972,1982-01,2.411946646926211
973,1982-02,0.0867096198077889
974,1982-03,-0.5010135423817955
975,1982-04,-0.00529441433036737
976,1982-05,0.04595729385877523
977,1982-06,0.27554288432263474
978,1982-07,1.0911291992263483
979,1982-08,-0.6921598831662057
980,1982-09,1.091768815943814
981,1982-10,-0.2847286768188303
982,1982-11,1.1337239751927932
983,1982-12,1.6943074614108142
984,1983-01,0.922761214096091
985,1983-02,-2.0305164323140428
986,1983-03,0.8014628217018941
987,1983-04,-0.26147203598742275
988,1983-05,-2.459007666812223
989,1983-06,0.9982712625238404
990,1983-07,3.403772777865933
991,1983-08,0.007530107435203548
992,1983-09,0.5706711317998876
993,1983-10,0.2831406850565289
994,1983-11,-0.19565330810066062
995,1983-12,0.19396421004223596
996,1984-01,0.8179396897113068
997,1984-02,-0.9472653250519738
998,1984-03,-2.01469746954832
999,1984-04,-0.5684703398851402
1000,1984-05,-3.115374182995231
1001,1984-06,-0.5420154045763412
1002,1984-07,0.45724496777911294
1003,1984-08,-0.27446628993628785
1004,1984-09,-1.2432903088350185
1005,1984-10,0.7962379067671446
1006,1984-11,1.2724821834726692
1007,1984-12,0.5966738281836964
1008,1985-01,-4.548531914074451
1009,1985-02,-1.166650484110485
1010,1985-03,-1.90470182032413
1011,1985-04,0.6661908195673603
1012,1985-05,-1.1052528302512823
1013,1985-06,-1.5318107412551232
1014,1985-07,1.3727678426972107
1015,1985-08,-0.24794462172261555
1016,1985-09,1.3619522033566671
1017,1985-10,0.9936858897137676
1018,1985-11,-2.199931762944987
1019,1985-12,1.1571840737736507
1020,1986-01,0.6614055282046823
1021,1986-02,-3.864303736550706
1022,1986-03,-0.23836265167200454
1023,1986-04,-1.6798376458501314
1024,1986-05,2.3431023047119535
1025,1986-06,-0.31068969924944567
1026,1986-07,0.7534681333153967
1027,1986-08,-0.25669416929496053
1028,1986-09,0.5102059430083544
1029,1986-10,1.9363057279554288
1030,1986-11,-0.5093292838127563
1031,1986-12,0.5275041018345831
1032,1987-01,-2.7169371529406265
1033,1987-02,0.7446940176383008
1034,1987-03,-1.7744157684525237
1035,1987-04,1.133228505912265
1036,1987-05,-2.609466474732076
1037,1987-06,-1.2012586541342896
1038,1987-07,0.4757540436466716
1039,1987-08,0.4084444075465743
1040,1987-09,2.5317735049608685
1041,1987-10,1.0750236172813623
1042,1987-11,0.9229083514698991
1043,1987-12,1.2102257359037552
1044,1988-01,3.124682903383951
1045,1988-02,-0.00959707508417905
1046,1988-03,-0.6792422868071148
1047,1988-04,0.17352441170788546
1048,1988-05,0.4166084923154215
1049,1988-06,-0.5930775982514899
1050,1988-07,-0.5092333514040823
1051,1988-08,1.0287422489958375
1052,1988-09,-0.49080712386106895
1053,1988-10,1.381161946017765
1054,1988-11,-0.775820236040934
1055,1988-12,0.7799329470340368
1056,1989-01,0.31783427331467184
1057,1989-02,0.7917407345470364
1058,1989-03,2.004794408805377
1059,1989-04,-1.6671712306507684
1060,1989-05,1.6226043815070026
1061,1989-06,-0.40740380754286376
1062,1989-07,1.3761137210586618
1063,1989-08,0.7255112244246361
1064,1989-09,0.12891650150190348
1065,1989-10,0.6812320355220369
1066,1989-11,-1.3406523863721185
1067,1989-12,1.8521072720852363
1068,1990-01,-0.046725018632991264
1069,1990-02,4.280802030429199
1070,1990-03,0.9256348486358569
1071,1990-04,-1.8061243235531892
1072,1990-05,1.9028287640288466
1073,1990-06,-1.2429442115198206
1074,1990-07,0.050926105250189826
1075,1990-08,1.2217927533847412
1076,1990-09,-0.45226393914008556
1077,1990-10,1.1699879008868201
1078,1990-11,-0.10240350315016465
1079,1990-12,-1.2122207248449797
1080,1991-01,0.9821740853388115
1081,1991-02,-2.3906779889862553
1082,1991-03,1.9576243591396802
1083,1991-04,-1.7323033485540669
1084,1991-05,-2.3267698944134367
1085,1991-06,-0.908466705114816
1086,1991-07,1.6576944992182083
1087,1991-08,2.0804341824739025
1088,1991-09,1.4343420918853966
1089,1991-10,-1.0920375573251073
1090,1991-11,0.112738206914346
1091,1991-12,-1.208878983091115
1092,1992-01,-0.769687227609208
1093,1992-02,0.379046531520439
1094,1992-03,0.643215493802478
1095,1992-04,0.29769001780167753
1096,1992-05,1.2636605219747987
1097,1992-06,-1.4412680747090811
1098,1992-07,0.4415351473754623
1099,1992-08,2.7259253939032426
1100,1992-09,-0.47499528709420324
1101,1992-10,-1.399253959545203
1102,1992-11,1.7203347577349062
1103,1992-12,-0.06790440937292251
1104,1993-01,1.4693739186641817
1105,1993-02,-2.1197195828638855
1106,1993-03,-0.41660648250013643
1107,1993-04,0.7085145813634931
1108,1993-05,0.6085852921083366
1109,1993-06,-0.16158877498417096
1110,1993-07,-1.4093000144340855
1111,1993-08,1.0519013651485691
1112,1993-09,-2.0183231258050074
1113,1993-10,-1.3222987982801833
1114,1993-11,-1.3079776347189147
1115,1993-12,2.320645228360664
1116,1994-01,1.553070481027579
1117,1994-02,0.9279944182740955
1118,1994-03,3.459868854746963
1119,1994-04,-2.3557027775142005
1120,1994-05,0.7219568917534672
1121,1994-06,-0.03981488128631727
1122,1994-07,2.6195855613144308
1123,1994-08,1.1656770489623378
1124,1994-09,-1.2079800066082031
1125,1994-10,0.4793287209430671
1126,1994-11,2.7270723623777835
1127,1994-12,1.5233412899777075
1128,1995-01,-0.5260000823216324
1129,1995-02,2.9576333206274366
1130,1995-03,-1.8042234499955305
1131,1995-04,-0.02917108807729507
1132,1995-05,-0.7328203436252596
1133,1995-06,-1.6090637269487986
1134,1995-07,1.9477480937107852
1135,1995-08,-0.09377802910860378
1136,1995-09,-2.7901425356186405
1137,1995-10,3.15636518012966
1138,1995-11,-0.5803957095445592
1139,1995-12,-0.6735351428206192
1140,1996-01,0.8617782617906384
1141,1996-02,-1.260270171377132
1142,1996-03,-1.952698692134847
1143,1996-04,0.4245230911079172
1144,1996-05,-0.41608653577602794
1145,1996-06,-0.07158264701996053
1146,1996-07,-1.2315171060892915
1147,1996-08,-0.8692309916704519
1148,1996-09,-3.3794312650489386
1149,1996-10,0.7805468227911055
1150,1996-11,-0.0757346082861099
1151,1996-12,-0.7511281471761786
1152,1997-01,-0.5718822744807106
1153,1997-02,2.380786169229992
1154,1997-03,1.0212948682365393
1155,1997-04,-0.35232229022165173
1156,1997-05,-0.021989015274588408
1157,1997-06,-1.0314608768039866
1158,1997-07,-1.5589111854206177
1159,1997-08,1.6462417144929806
1160,1997-09,0.8115658644662626
1161,1997-10,-0.3389013864127243
1162,1997-11,0.0638595462598841
1163,1997-12,1.1073881475083074
1164,1998-01,1.1282092972414712
1165,1998-02,0.7755606222825051
1166,1998-03,0.7362941545987293
1167,1998-04,-1.1252901721967299
1168,1998-05,1.5572154283427524
1169,1998-06,0.24051520892399836
1170,1998-07,0.4792094632569869
1171,1998-08,0.5475051409069076
1172,1998-09,-1.1190599128889693
1173,1998-10,0.15714504966689935
1174,1998-11,-2.414928905762726
1175,1998-12,-0.9615565954645012
1176,1999-01,0.9034054817392497
1177,1999-02,-0.9870627921786107
1178,1999-03,0.6650706343556584
1179,1999-04,-0.4842181096396032
1180,1999-05,2.591933263233777
1181,1999-06,-1.7136021241876822
1182,1999-07,0.9486385716198535
1183,1999-08,0.5541985426091749
1184,1999-09,1.8245993200939135
1185,1999-10,0.08331040889064167
1186,1999-11,-1.5964505306355194
1187,1999-12,0.7009788687675539
1188,2000-01,-0.37083637553946114
1189,2000-02,1.952512821083836
1190,2000-03,0.14523953846443083
1191,2000-04,0.6868672190878804
1192,2000-05,1.729848019854641
1193,2000-06,1.2727498794233991
1194,2000-07,-2.08611982302564
1195,2000-08,1.2467688542356896
1196,2000-09,0.6627774012160733
1197,2000-10,0.8659408961993392
1198,2000-11,0.733343136631476
1199,2000-12,2.3149188259568843
1200,2001-01,0.7438291260370088
1201,2001-02,1.095143872617699
1202,2001-03,2.018617396890024
1203,2001-04,-2.621955551300587
1204,2001-05,1.8158942651350616
1205,2001-06,-1.3204019085195018
1206,2001-07,-0.6094347958196644
1207,2001-08,0.5046477754988279
1208,2001-09,-3.3979762621917464
1209,2001-10,2.9982299791221636
1210,2001-11,-2.226891146371096
1211,2001-12,-1.298812942150577
1212,2002-01,-0.6397548396024342
1213,2002-02,3.6601349069012725
1214,2002-03,0.048427011003785436
1215,2002-04,-0.5805323566917967
1216,2002-05,-0.9428659140353114
1217,2002-06,1.9822109461338406
1218,2002-07,-1.2239774134552028
1219,2002-08,-0.9842280898274023
1220,2002-09,-1.6363700370616865
1221,2002-10,0.6381688351764458
1222,2002-11,1.6553551588585025
1223,2002-12,1.931463923552819
1224,2003-01,-0.806234323560521
1225,2003-02,-2.880967065949165
1226,2003-03,1.5558352722009647
1227,2003-04,0.5166742803160336
1228,2003-05,0.8014206933345612
1229,2003-06,5.363152156858919
1230,2003-07,1.0857328491142149
1231,2003-08,3.2199382396125653
1232,2003-09,-1.4380069445815005
1233,2003-10,-2.4756566917827847
1234,2003-11,-0.37310800448487147
1235,2003-12,0.3234534438439196
1236,2004-01,0.37320751500326066
1237,2004-02,-0.42538642764281254
1238,2004-03,-1.0720140795566713
1239,2004-04,-0.10099844850329254
1240,2004-05,-0.9967607671888538
1241,2004-06,0.8043126313464942
1242,2004-07,-0.9676330877208636
1243,2004-08,0.40819618665477864
1244,2004-09,0.1997131033970444
1245,2004-10,1.838921386355182
1246,2004-11,-0.6990433385956468
1247,2004-12,-0.2776888716937041
1248,2005-01,-1.0964926417986673
1249,2005-02,-2.317985345233367
1250,2005-03,0.39540805939572576
1251,2005-04,-0.011075716489650778
1252,2005-05,0.772110628281202
1253,2005-06,1.7696349636301512
1254,2005-07,-0.08824225866049484
1255,2005-08,-1.180652160564371
1256,2005-09,0.560675778012101
1257,2005-10,0.4445145786713887
1258,2005-11,-1.5829519208209542
1259,2005-12,-2.636020909382519
1260,2006-01,-1.0900934573098806
1261,2006-02,-1.4827952260993833
1262,2006-03,-1.38011627710301
1263,2006-04,0.38236626307604393
1264,2006-05,-0.15273058665543726
1265,2006-06,1.2270983239034763
1266,2006-07,3.235100472226602
1267,2006-08,-3.577539792109408
1268,2006-09,2.161579719907024
1269,2006-10,2.4527013184805626
1270,2006-11,0.7847591000133793
1271,2006-12,-0.11258425392669869
1272,2007-01,2.4528695344668097
1273,2007-02,1.7566955716817805
1274,2007-03,-0.5257769522423813
1275,2007-04,4.032153316585527
1276,2007-05,-0.3981729986509541
1277,2007-06,-0.0703242006142224
1278,2007-07,-1.7303844227283718
1279,2007-08,-0.9691568962949214
1280,2007-09,-1.4886241642091163
1281,2007-10,-0.20418181509455813
1282,2007-11,-2.1794796478747736
1283,2007-12,-0.46266657148182866
1284,2008-01,1.8345031282584572
1285,2008-02,0.28356862320415965
1286,2008-03,-0.885662103844173
1287,2008-04,-1.129124919963441
1288,2008-05,1.2663883764028276
1289,2008-06,-0.03287467123569665
1290,2008-07,-0.7009432826485358
1291,2008-08,-0.34372396384331744
1292,2008-09,-2.0366226080397696
1293,2008-10,0.26426416922117835
1294,2008-11,0.12345415300429113
1295,2008-12,-1.4466420075305504
1296,2009-01,-2.140626205699367
1297,2009-02,-0.7616081905598789
1298,2009-03,-0.015959566973261716
1299,2009-04,2.104426299496319
1300,2009-05,2.1372823068341553
1301,2009-06,-0.6103144046631214
1302,2009-07,-0.029658835746713352
1303,2009-08,1.7800121539938374
1304,2009-09,-0.039016779006934676
1305,2009-10,-0.7012028075793295
1306,2009-11,1.8750721163589754
1307,2009-12,-1.1245134317288277
1308,2010-01,-2.384846095462507
1309,2010-02,-0.5276104031185648
1310,2010-03,-0.8492574875244158
1311,2010-04,0.9006235324105556
1312,2010-05,-1.5562908967001916
1313,2010-06,-0.44769244894928406
1314,2010-07,1.903127588630862
1315,2010-08,-1.0485301653220258
1316,2010-09,-1.8658771882754877
1317,2010-10,-0.5194586577728442
1318,2010-11,0.5216317039717477
1319,2010-12,-2.898470001198389
1320,2011-01,1.2867776613434794
1321,2011-02,0.14188675920308302
1322,2011-03,0.5193343533568349
1323,2011-04,3.0278451629918224
1324,2011-05,1.2617843245970546
1325,2011-06,-0.9863156103734653
1326,2011-07,-2.3038561631749284
1327,2011-08,1.218237872264878
1328,2011-09,0.8898209958342432
1329,2011-10,-0.1322280030343842
1330,2011-11,0.3202922762184318
1331,2011-12,1.1395991305945459
1332,2012-01,0.8658064897629758
1333,2012-02,-5.502801386152209
1334,2012-03,3.000642431166192
1335,2012-04,-0.08515857743425392
1336,2012-05,0.2655729108451834
1337,2012-06,0.7896677699082446
1338,2012-07,-0.5138304108851043
1339,2012-08,0.8706867145197219
1340,2012-09,-0.5913273584259534
1341,2012-10,0.28063272393250016
1342,2012-11,0.6158897800189944
1343,2012-12,0.10999009907406322
1344,2013-01,-0.7894818947250453
1345,2013-02,-2.729536566774928
1346,2013-03,-1.558008321777451
1347,2013-04,0.34053628504834876
1348,2013-05,-2.9760890517548932
1349,2013-06,-0.46749584508880704
1350,2013-07,1.3373968226737292
1351,2013-08,0.4402507685671402
1352,2013-09,-0.22196119250713248
1353,2013-10,1.7379556564131453
1354,2013-11,-0.24733478862653768
1355,2013-12,-1.4222377493871314
1356,2014-01,2.5003362112029004
1357,2014-02,1.6661837413134837
1358,2014-03,0.6944636145759521
1359,2014-04,1.4161127081884173
1360,2014-05,-1.0812542407680987
1361,2014-06,0.8124429263979708
1362,2014-07,-1.94851699233343
1363,2014-08,-1.1599970525520704
1364,2014-09,0.6584474098282899
1365,2014-10,2.8261004590604153
1366,2014-11,1.4972850581753514
1367,2014-12,0.670987073493568
1368,2015-01,0.629862236591221
1369,2015-02,-1.7635930392401857
1370,2015-03,0.8954311606621944
1371,2015-04,1.0292203524169614
1372,2015-05,0.2282987711362079
1373,2015-06,1.4444609382855014
1374,2015-07,3.618412835219566
1375,2015-08,0.07570732804521363
1376,2015-09,-1.7845582522436798
1377,2015-10,-0.777513236446038
1378,2015-11,0.8374600800839408
1379,2015-12,0.733042673971622
1380,2016-01,1.8318509834890415
1381,2016-02,1.1325873850201276
1382,2016-03,-1.3047594632761288
1383,2016-04,-0.46254747140379493
1384,2016-05,-1.4266091658949454
1385,2016-06,-0.40233089906290187
1386,2016-07,0.19944409066658253
1387,2016-08,0.6062932001859362
1388,2016-09,2.020304276018548
1389,2016-10,-1.9803190280214644
1390,2016-11,0.07759974605537934
1391,2016-12,-1.7564123069289392
1392,2017-01,-2.8833236545124294
1393,2017-02,2.1711124565875055
1394,2017-03,1.8329936779790184
1395,2017-04,-0.5749809407953592
1396,2017-05,0.28823779607225297
1397,2017-06,2.51445647328132
1398,2017-07,0.10425155044204115
1399,2017-08,1.1908904164692578
1400,2017-09,-2.5256716635572074
1401,2017-10,0.6397484895404811
1402,2017-11,-0.5504121551134991
1403,2017-12,-0.6523174518913404
1404,2018-01,3.7535829967856738
1405,2018-02,-2.558790822778345
1406,2018-03,-1.3978602163835196
1407,2018-04,3.06641523629895
1408,2018-05,0.4797521092671043
1409,2018-06,0.5214884430530404
1410,2018-07,1.5343469561049792
1411,2018-08,1.6952846334440759
1412,2018-09,0.6262282692148788
1413,2018-10,0.8009672484108011
1414,2018-11,0.2746887514645584
1415,2018-12,1.0307262211936457
1416,2019-01,-0.5188469750379826
1417,2019-02,0.2874124852822315
1418,2019-03,0.8877998971373087
1419,2019-04,-0.3171200011914761
1420,2019-05,-2.9058309126205346
1421,2019-06,1.7144616438577815
1422,2019-07,1.9405675311045327
1423,2019-08,-0.2246376779574777
1424,2019-09,0.5444983472358558
1425,2019-10,1.697821401145697
1426,2019-11,-1.0185723617484188
1427,2019-12,1.6588798174991388
1428,2020-01,0.5281851205218131
1429,2020-02,2.942438749587544
1430,2020-03,-0.1284688931834086
1431,2020-04,1.9407982401424508
1432,2020-05,-0.2063331474410679
1433,2020-06,-0.7625331919077687
1434,2020-07,1.0338657701358267
1435,2020-08,0.7021770684128088
1436,2020-09,0.4723607063774141
1437,2020-10,-1.9552684367067836
1438,2020-11,0.3950049230259042
1439,2020-12,0.41403247206398786
1440,2021-01,-0.680491487986292
1441,2021-02,1.9859228650383058
1442,2021-03,-0.8370385962113154
1443,2021-04,-1.744585651557997
1444,2021-05,-2.467460066943447
1445,2021-06,1.5385353228287895
1446,2021-07,-1.8405151939317397
1447,2021-08,-3.9629872116426084
