,Date,resid
0,1901-01,-0.7715351857825006
1,1901-02,-3.8455990408233274
2,1901-03,-0.5371204341659772
3,1901-04,1.5938455595053398
4,1901-05,0.88991765579497
5,1901-06,0.9030444649620232
6,1901-07,0.3873852322725474
7,1901-08,-0.6416952796834721
8,1901-09,0.3659977870807358
9,1901-10,-0.2506508840944998
10,1901-11,-1.702471935863711
11,1901-12,0.35955581510533596
12,1902-01,0.9375896389557115
13,1902-02,-0.4199258513445802
14,1902-03,0.8058990147004992
15,1902-04,2.577641758605713
16,1902-05,-3.672209761163148
17,1902-06,-0.3235383810172652
18,1902-07,1.2798865633277234
19,1902-08,-0.7023522624667251
20,1902-09,-0.43557195164471846
21,1902-10,0.04400050281345452
22,1902-11,-1.0555554024449374
23,1902-12,-0.19896607222608947
24,1903-01,0.9598852257826322
25,1903-02,1.186079955701465
26,1903-03,0.9494364201462276
27,1903-04,-2.4816102689795985
28,1903-05,0.33381944429600435
29,1903-06,-1.2181679200303046
30,1903-07,-0.5515231228856554
31,1903-08,0.03884730360444422
32,1903-09,0.6341835536130382
33,1903-10,0.9452311333800182
34,1903-11,0.30882998178382043
35,1903-12,-0.6156003633456616
36,1904-01,-0.5170541814257523
37,1904-02,1.899969686048037
38,1904-03,-0.4079636575617703
39,1904-04,1.9992970399167276
40,1904-05,1.3078628993825179
41,1904-06,0.6499534236022557
42,1904-07,2.3048574313925863
43,1904-08,1.5539920127883537
44,1904-09,-2.1249612056140332
45,1904-10,-0.018721112862784953
46,1904-11,-0.5099387732780091
47,1904-12,0.003673401409037824
48,1905-01,-2.5485859512576496
49,1905-02,0.3370436338162268
50,1905-03,1.3625662913163663
51,1905-04,1.0062603439253626
52,1905-05,-1.2724209717431585
53,1905-06,0.7858171777761475
54,1905-07,2.9580330321478066
55,1905-08,-0.25539028066039404
56,1905-09,-0.2632677639009731
57,1905-10,-3.5881431031178184
58,1905-11,0.344040173792296
59,1905-12,-0.4827971015973711
60,1906-01,1.5871366919679717
61,1906-02,-1.7570331843982412
62,1906-03,-0.7020846537469263
63,1906-04,0.2856512495191736
64,1906-05,0.15133377792952313
65,1906-06,0.31829256733606504
66,1906-07,0.6306385509553155
67,1906-08,1.3597652686554311
68,1906-09,-0.004261735466867728
69,1906-10,1.6441731290704464
70,1906-11,0.7820914707562472
71,1906-12,-3.085712559090642
72,1907-01,-0.14944057242269831
73,1907-02,-2.701555899933798
74,1907-03,-0.6964261554105386
75,1907-04,-0.9260472373537574
76,1907-05,0.5508532928317065
77,1907-06,-0.4066005800000938
78,1907-07,-1.4973005571019251
79,1907-08,1.4205184965376751
80,1907-09,0.3814349925241254
81,1907-10,0.47658375610409287
82,1907-11,1.5582618026060608
83,1907-12,2.0173346307272713
84,1908-01,-2.8762692980142273
85,1908-02,0.5357799986216745
86,1908-03,-0.5852243424117836
87,1908-04,-1.4841306499533924
88,1908-05,2.2978234632066328
89,1908-06,1.3085081345535818
90,1908-07,-0.7673502887243339
91,1908-08,-0.7955596666215947
92,1908-09,-0.2990262643309508
93,1908-10,-0.2152722942047975
94,1908-11,-1.0719436147423078
95,1908-12,-0.19246831468487635
96,1909-01,-1.842635843163896
97,1909-02,-2.1084427348420274
98,1909-03,-1.9325296706448003
99,1909-04,1.9178407073938868
100,1909-05,0.10451597132039506
101,1909-06,-1.8049118224353078
102,1909-07,-1.5827843605429548
103,1909-08,0.3470866708087932
104,1909-09,-0.9331961209501658
105,1909-10,1.5899014726743395
106,1909-11,-0.9612407698660428
107,1909-12,2.738411356387259
108,1910-01,1.2818681145005788
109,1910-02,1.5292367188423837
110,1910-03,-0.6141131782714746
111,1910-04,-0.3701983813827033
112,1910-05,-1.0709652725454073
113,1910-06,0.48442338146340286
114,1910-07,-1.8421520080685907
115,1910-08,-0.3824898547042033
116,1910-09,-1.3499606077586566
117,1910-10,1.444149368078735
118,1910-11,-0.3176402881461903
119,1910-12,2.390099818626098
120,1911-01,-2.540109382007313
121,1911-02,1.003886199673941
122,1911-03,0.2479491607971469
123,1911-04,-0.4156109068168734
124,1911-05,0.5402970995203573
125,1911-06,-0.06565963037726924
126,1911-07,2.856776358498112
127,1911-08,2.719425556498961
128,1911-09,1.6567005629759055
129,1911-10,-0.4898290857905838
130,1911-11,2.19578537740186
131,1911-12,1.704674219363176
132,1912-01,0.8917080524235992
133,1912-02,2.7298430499378883
134,1912-03,1.5973621222376537
135,1912-04,-1.3935177345840575
136,1912-05,1.272123507723498
137,1912-06,-0.542127270360963
138,1912-07,-1.5065682928160287
139,1912-08,-2.5406274857814677
140,1912-09,-4.037057407400678
141,1912-10,-0.5105821768396637
142,1912-11,-1.4343916168953577
143,1912-12,0.1902790872231871
144,1913-01,2.4768068570124635
145,1913-02,-0.20696072887256153
146,1913-03,1.3362284394971766
147,1913-04,0.04257193553314881
148,1913-05,-0.09092186517749223
149,1913-06,-0.45228380458119827
150,1913-07,-2.588162935338956
151,1913-08,-0.24357975003444204
152,1913-09,-0.7742702194996319
153,1913-10,0.860446593609044
154,1913-11,2.661644351250053
155,1913-12,-0.4973625517367548
156,1914-01,-3.4162393781254288
157,1914-02,1.2426468666716148
158,1914-03,1.1275165239285516
159,1914-04,1.8033378662612092
160,1914-05,-1.8002120584129087
161,1914-06,-0.683470262234529
162,1914-07,-1.6356919115502977
163,1914-08,-0.33333289377725317
164,1914-09,-0.09026944280865734
165,1914-10,-0.5779017548432692
166,1914-11,-0.29922460764443315
167,1914-12,3.1341465030405598
168,1915-01,0.5249879934193185
169,1915-02,-0.48372329271199555
170,1915-03,-0.6083487848923224
171,1915-04,-0.8284019718725393
172,1915-05,2.5953757158199284
173,1915-06,1.2923597409057233
174,1915-07,-1.2783096075568792
175,1915-08,-0.8821225362062095
176,1915-09,-1.427495390575148
177,1915-10,-1.7223327127698806
178,1915-11,-1.1817753329292597
179,1915-12,4.914435715137605
180,1916-01,1.2298204579050085
181,1916-02,0.39817503345830263
182,1916-03,-0.5457394060980629
183,1916-04,-0.0036174287004026168
184,1916-05,0.9585103863522784
185,1916-06,-2.261587580731417
186,1916-07,-0.9568403261186162
187,1916-08,-0.024256102316699002
188,1916-09,-2.0774838565372957
189,1916-10,0.19762612971985322
190,1916-11,0.5687646691343484
191,1916-12,0.6774342710703212
192,1917-01,-1.8200363954467909
193,1917-02,-2.4202560129363526
194,1917-03,-1.70253580066652
195,1917-04,-1.8350825260908186
196,1917-05,3.4108478251559555
197,1917-06,1.5163422025109101
198,1917-07,-0.5509991472153857
199,1917-08,-1.1219336111340381
200,1917-09,2.038781002056107
201,1917-10,-1.950278886061485
202,1917-11,-0.018398945354085094
203,1917-12,-3.7053497444791463
204,1918-01,1.0430420087630277
205,1918-02,0.12820850576461146
206,1918-03,-0.429832837773682
207,1918-04,-0.31606188832256715
208,1918-05,2.0700413153860455
209,1918-06,-1.7899004218119887
210,1918-07,-0.18000276389698533
211,1918-08,0.6612173682563749
212,1918-09,0.4930637551558763
213,1918-10,-1.8607389784757586
214,1918-11,0.947242391977656
215,1918-12,2.6702647009206895
216,1919-01,0.3022083487795813
217,1919-02,0.02354740859601348
218,1919-03,0.04668789315675426
219,1919-04,-2.569610714952304
220,1919-05,0.8913241974906116
221,1919-06,0.6428062074106294
222,1919-07,-3.0076768554062205
223,1919-08,2.929443022881053
224,1919-09,1.6505524630944852
225,1919-10,-3.420916386348785
226,1919-11,-0.9370392545468542
227,1919-12,2.2368579437424687
228,1920-01,2.6800558943378676
229,1920-02,0.9592805727238094
230,1920-03,1.5085712925253942
231,1920-04,0.2686392496188901
232,1920-05,2.9993681801201237
233,1920-06,-0.29867725216023777
234,1920-07,-0.583997378561957
235,1920-08,-1.0781167222097912
236,1920-09,0.22658472261380946
237,1920-10,0.07624855382927742
238,1920-11,-0.23835400015216504
239,1920-12,0.15239527017716775
240,1921-01,3.019507261972196
241,1921-02,-0.3951942851490526
242,1921-03,0.7617738853554188
243,1921-04,-1.0054211393230685
244,1921-05,1.425649851702351
245,1921-06,0.8053524276332245
246,1921-07,2.4357803208326927
247,1921-08,-0.20922751368901693
248,1921-09,0.8332691473607621
249,1921-10,1.75031961797202
250,1921-11,-2.619637434907582
251,1921-12,0.07819081176938836
252,1922-01,0.07738755795097033
253,1922-02,0.3206056834774688
254,1922-03,-0.028553623684398843
255,1922-04,-1.4291780161325596
256,1922-05,2.523782924693891
257,1922-06,0.3238056075030922
258,1922-07,-1.7901639499473139
259,1922-08,-0.8369846201976363
260,1922-09,-2.0038864423128575
261,1922-10,-1.290050082025552
262,1922-11,-1.3734092725026066
263,1922-12,0.31133681273263375
264,1923-01,0.07060552471169146
265,1923-02,1.9295738658207404
266,1923-03,0.6363606184008719
267,1923-04,-0.3424958614151533
268,1923-05,-0.25390461665993247
269,1923-06,-2.5653458378532
270,1923-07,2.5101348960268615
271,1923-08,1.231385435826073
272,1923-09,-0.7047807512532771
273,1923-10,1.4967921400476
274,1923-11,-0.4664091470559235
275,1923-12,0.20715040064332596
276,1924-01,-0.683860893576826
277,1924-02,-1.8628704968289365
278,1924-03,-0.03642214801968929
279,1924-04,0.6734685919213914
280,1924-05,1.7139252720889253
281,1924-06,-0.6455615297908017
282,1924-07,-0.21415040503995492
283,1924-08,-2.876528203990071
284,1924-09,0.009658709811071142
285,1924-10,0.29468523933545904
286,1924-11,0.6624365928409829
287,1924-12,-0.7280919765924759
288,1925-01,1.9630119632530967
289,1925-02,1.8314797888289651
290,1925-03,-2.849942949542788
291,1925-04,0.656628937464985
292,1925-05,-0.07948724668908369
293,1925-06,0.8530257808828476
294,1925-07,-0.9360895834952218
295,1925-08,-0.5619068422027299
296,1925-09,-1.7748633954140705
297,1925-10,1.1678096558716702
298,1925-11,-1.4075768198713852
299,1925-12,0.7824573837520185
300,1926-01,0.238910185040837
301,1926-02,3.5991576817969024
302,1926-03,-0.15930969326741673
303,1926-04,0.9166915309776607
304,1926-05,-2.007219193206942
305,1926-06,-2.0651036335006943
306,1926-07,-0.3797055563774476
307,1926-08,0.4391258887900522
308,1926-09,2.069455115879525
309,1926-10,0.5382904096946342
310,1926-11,1.9367402636662239
311,1926-12,-2.1906986228794274
312,1927-01,1.038089748056897
313,1927-02,-0.2964838390744249
314,1927-03,0.7492525324752095
315,1927-04,0.8154590519707723
316,1927-05,1.28369205781964
317,1927-06,-0.5085305362338193
318,1927-07,-0.47443073046826323
319,1927-08,-1.0045810654904475
320,1927-09,-0.3679126698184214
321,1927-10,-0.6065320409836715
322,1927-11,0.35020562893292095
323,1927-12,-0.19067535917792555
324,1928-01,1.7745957035689606
325,1928-02,1.232886908076058
326,1928-03,0.6007837876386957
327,1928-04,-0.46599858798210797
328,1928-05,-1.687575951410119
329,1928-06,0.6870191444172725
330,1928-07,3.6614958500593624
331,1928-08,1.563083695086982
332,1928-09,-0.6415069796288162
333,1928-10,-0.6197079612148307
334,1928-11,1.527211890167122
335,1928-12,-0.8334128166449919
336,1929-01,-3.559264070662382
337,1929-02,-5.334763502078821
338,1929-03,0.4428064028959946
339,1929-04,-1.2060962862951063
340,1929-05,0.6394317726288931
341,1929-06,1.1476712111584808
342,1929-07,0.7207220933119477
343,1929-08,-0.479814237041311
344,1929-09,2.632470410082428
345,1929-10,0.28399995453181526
346,1929-11,-0.2633084924629929
347,1929-12,2.9145540493287223
348,1930-01,1.2573436680603964
349,1930-02,-0.6327570510066995
350,1930-03,1.0020507613847527
351,1930-04,0.29190178544755924
352,1930-05,-1.6861589250706916
353,1930-06,2.6321215364119426
354,1930-07,-1.8199066289498753
355,1930-08,-0.08906665343315612
356,1930-09,1.1108917580686417
357,1930-10,-0.548407404421922
358,1930-11,2.272066196784621
359,1930-12,0.44201458760290907
360,1931-01,0.6486016579745004
361,1931-02,-1.4091174925832155
362,1931-03,-1.3805615439732866
363,1931-04,-0.5887236920188357
364,1931-05,2.0238660191323494
365,1931-06,2.2013272007608835
366,1931-07,-1.9728346065606581
367,1931-08,-1.8246583320654692
368,1931-09,-3.46373145402378
369,1931-10,-0.7376270671083134
370,1931-11,2.1163178053876646
371,1931-12,-1.6161420666774005
372,1932-01,0.2753402972614495
373,1932-02,-3.011245877954307
374,1932-03,-1.021918982021
375,1932-04,-1.1903854708874988
376,1932-05,-0.5637483155313354
377,1932-06,-0.6352911394435651
378,1932-07,-1.1099339712693572
379,1932-08,2.763176207002874
380,1932-09,2.337199928129884
381,1932-10,0.183195720500956
382,1932-11,0.7000180128945349
383,1932-12,-0.4350049819213529
384,1933-01,-2.1907055686184296
385,1933-02,0.7446424878028948
386,1933-03,0.23842844285958942
387,1933-04,1.4554297891271202
388,1933-05,-1.0171163705939215
389,1933-06,-2.1884185799279816
390,1933-07,1.5543830056469483
391,1933-08,1.425553919351216
392,1933-09,0.5303053624979386
393,1933-10,0.20475044058135244
394,1933-11,-0.984515571280684
395,1933-12,-3.8536330308380964
396,1934-01,0.7518522832994025
397,1934-02,-0.7506604981053118
398,1934-03,-0.016059853254281914
399,1934-04,1.8914994272873884
400,1934-05,1.9654994546085929
401,1934-06,0.2762476068245767
402,1934-07,1.0940356745928868
403,1934-08,-1.0683179686598672
404,1934-09,1.3042531493065723
405,1934-10,-0.15596606455123657
406,1934-11,-1.2106328674759967
407,1934-12,3.238815627653229
408,1935-01,-1.7281975134047296
409,1935-02,1.656180590681627
410,1935-03,-1.0749518032836525
411,1935-04,-0.10008591486024362
412,1935-05,-1.2943274162034297
413,1935-06,2.0789778391600686
414,1935-07,1.3092085826371112
415,1935-08,-1.2864607327266486
416,1935-09,1.0541076134418277
417,1935-10,0.007578035648758141
418,1935-11,0.7543383604669966
419,1935-12,-0.7097233829433737
420,1936-01,4.188030412961628
421,1936-02,-0.4484574065276947
422,1936-03,1.0840083406239276
423,1936-04,-1.255230983843244
424,1936-05,0.8413280385518822
425,1936-06,-0.48080976199332626
426,1936-07,-1.6888605921610655
427,1936-08,-0.16217610628392415
428,1936-09,0.2963646929774596
429,1936-10,-3.2892008883037205
430,1936-11,1.117904674241147
431,1936-12,0.46359505860199934
432,1937-01,1.3923980454940172
433,1937-02,2.8280843478983257
434,1937-03,-1.9878195471708449
435,1937-04,0.006561883950622238
436,1937-05,1.639448309362822
437,1937-06,0.7042684145248992
438,1937-07,0.2048600102798923
439,1937-08,0.6356470420313152
440,1937-09,-0.862195113992042
441,1937-10,-0.22138500587803406
442,1937-11,-0.08822303534593913
443,1937-12,-1.3386116350187054
444,1938-01,1.3741125463319936
445,1938-02,-0.9711604258661124
446,1938-03,1.7380432816611708
447,1938-04,-2.1460946940529793
448,1938-05,-0.9685886172448762
449,1938-06,0.8734463989806771
450,1938-07,-0.9386972030736797
451,1938-08,-0.2481667272018573
452,1938-09,0.15405145814301735
453,1938-10,0.4201146227300754
454,1938-11,1.5511734166467228
455,1938-12,-2.5211555748248298
456,1939-01,2.653089768064305
457,1939-02,-0.4493155122732526
458,1939-03,-2.709695008656627
459,1939-04,1.532588991496295
460,1939-05,-3.1475975678735018
461,1939-06,0.25312006533302495
462,1939-07,-1.0689059875288047
463,1939-08,-0.0765698180550358
464,1939-09,-0.7180135175547975
465,1939-10,-0.3274902522194397
466,1939-11,2.056485611387359
467,1939-12,-1.299293798532488
468,1940-01,-3.8136291421729607
469,1940-02,0.7509749587946914
470,1940-03,0.5156478541218541
471,1940-04,0.021286074515597414
472,1940-05,0.043228639552438636
473,1940-06,-0.373846373187775
474,1940-07,-1.3472447423814526
475,1940-08,-0.5483238862240392
476,1940-09,0.7859767075972772
477,1940-10,-0.4442307309691223
478,1940-11,1.3793108502677867
479,1940-12,-4.216160598180402
480,1941-01,-0.5882701247082318
481,1941-02,0.9898265591963546
482,1941-03,0.5597076076695546
483,1941-04,-1.322867357568448
484,1941-05,-2.6659973295553305
485,1941-06,0.8612152533221538
486,1941-07,1.2351404591182726
487,1941-08,-0.9224137122012342
488,1941-09,-0.6704073214175682
489,1941-10,-0.6583578539626842
490,1941-11,0.17329862357949294
491,1941-12,-0.9592018440815383
492,1942-01,-2.7641816235152454
493,1942-02,-3.0523401519748594
494,1942-03,1.6254841117623404
495,1942-04,1.1183713362907057
496,1942-05,0.665887162142614
497,1942-06,0.6481361634208783
498,1942-07,0.9193127315612044
499,1942-08,1.1044518656600466
500,1942-09,2.1990504497383165
501,1942-10,1.6769477849998011
502,1942-11,-1.3451676947952071
503,1942-12,-0.47153788514723527
504,1943-01,1.1364790399423692
505,1943-02,1.0467090374289225
506,1943-03,1.4338282911993065
507,1943-04,1.4213975137725208
508,1943-05,0.9474244146675161
509,1943-06,-0.44573187875161474
510,1943-07,0.435393016306335
511,1943-08,1.7566147349242252
512,1943-09,0.7686821341948595
513,1943-10,1.6728753070314901
514,1943-11,-0.9529828948363752
515,1943-12,0.38186712770338516
516,1944-01,0.46834517577083445
517,1944-02,-2.6291816593288715
518,1944-03,-1.4379984291407857
519,1944-04,2.43876790109365
520,1944-05,0.6873866893009208
521,1944-06,-0.45267930092282604
522,1944-07,0.07575755037308035
523,1944-08,4.043704735260186
524,1944-09,-1.2408164277720473
525,1944-10,-1.3551871124111607
526,1944-11,0.601542915105815
527,1944-12,-1.0084805876458875
528,1945-01,-4.101964396284678
529,1945-02,3.047981951477407
530,1945-03,1.0654438754978428
531,1945-04,2.243792326382172
532,1945-05,1.6005576907915426
533,1945-06,2.483769674627354
534,1945-07,1.2561970473040627
535,1945-08,-0.6728774165061129
536,1945-09,1.1171793281636537
537,1945-10,-0.1368800688281333
538,1945-11,-1.2778672738911006
539,1945-12,0.03144229460794368
540,1946-01,-1.5520666737797146
541,1946-02,3.0881493123894312
542,1946-03,0.4618211732940183
543,1946-04,2.3271230417051765
544,1946-05,0.20454733782356804
545,1946-06,-0.7484200887297261
546,1946-07,0.9751344065739234
547,1946-08,-0.36054308059650997
548,1946-09,-0.005034631245180554
549,1946-10,-1.0592049322291515
550,1946-11,-0.28480087228993983
551,1946-12,-1.750333914300246
552,1947-01,-2.286568479204137
553,1947-02,-1.3136467155891232
554,1947-03,1.063723029957037
555,1947-04,2.954444920638178
556,1947-05,1.4561517771040977
557,1947-06,1.2666619004265807
558,1947-07,1.2374274138472514
559,1947-08,2.2544430631684333
560,1947-09,1.5633089338851442
561,1947-10,-0.19315210463743981
562,1947-11,1.546159425674157
563,1947-12,-0.3748890582462079
564,1948-01,2.3833881006719464
565,1948-02,-0.4470023129865286
566,1948-03,2.99864434674571
567,1948-04,-0.5078855878939759
568,1948-05,0.44385958621726784
569,1948-06,-1.8270687012899585
570,1948-07,-2.7211398517764653
571,1948-08,-0.17749672996790344
572,1948-09,-1.117793892352298
573,1948-10,0.4100544306878584
574,1948-11,-0.5278076102430593
575,1948-12,-1.0868399472427623
576,1949-01,0.11799521831964194
577,1949-02,-0.42155281957393437
578,1949-03,-2.1493420934620286
579,1949-04,2.857868051044462
580,1949-05,-2.067070991729624
581,1949-06,-0.01683400100121929
582,1949-07,1.6510080626846622
583,1949-08,1.2173451402553905
584,1949-09,2.2075708757079835
585,1949-10,0.604808814733653
586,1949-11,-0.765578838304031
587,1949-12,1.4208357814960018
588,1950-01,-0.9929422791335617
589,1950-02,1.4772058007696276
590,1950-03,-0.2107527724930014
591,1950-04,-1.454828209580788
592,1950-05,1.2129557379864806
593,1950-06,1.9936411997919008
594,1950-07,1.8652894253647774
595,1950-08,-0.5415498954065916
596,1950-09,-0.42897030971593453
597,1950-10,-0.54051201559533
598,1950-11,0.7844959090876464
599,1950-12,-2.580186954066194
600,1951-01,1.314599859541905
601,1951-02,0.582851068188561
602,1951-03,-0.915373249818346
603,1951-04,-0.1134999256680489
604,1951-05,-1.024067395180508
605,1951-06,-0.4568122266724706
606,1951-07,-0.25822101601666425
607,1951-08,0.1539373427700363
608,1951-09,0.42746869459280656
609,1951-10,-0.5661032485228248
610,1951-11,1.3078170781302672
611,1951-12,-1.705107369535102
612,1952-01,-0.9383033316916971
613,1952-02,-1.9446743507869928
614,1952-03,1.7228837091160654
615,1952-04,1.6000684526360534
616,1952-05,0.9767573894264943
617,1952-06,1.5201879408576287
618,1952-07,3.045013846086671
619,1952-08,0.047948273877353786
620,1952-09,-3.2012854549905163
621,1952-10,0.43047913802299337
622,1952-11,-1.1129121304110507
623,1952-12,-0.1860837656448573
624,1953-01,-2.238077427567648
625,1953-02,-1.6242606528862784
626,1953-03,0.7921221176654475
627,1953-04,1.1289869796389835
628,1953-05,1.5540583736823845
629,1953-06,-1.8137523782080984
630,1953-07,0.825415197922606
631,1953-08,0.13087421812576605
632,1953-09,0.908254793180848
633,1953-10,1.2479297659851154
634,1953-11,-1.6524284758195966
635,1953-12,1.2077021533495118
636,1954-01,-1.7636613963817314
637,1954-02,-1.4011848904973054
638,1954-03,1.2149711024055332
639,1954-04,-1.5873304353144262
640,1954-05,-0.7680456023587183
641,1954-06,1.2352135678103022
642,1954-07,-1.853050779328005
643,1954-08,-0.9396703999908461
644,1954-09,1.144593928629306
645,1954-10,0.016058341473293547
646,1954-11,1.1400166231636881
647,1954-12,1.7356875416015636
648,1955-01,0.8502215864631721
649,1955-02,-0.3839710591855141
650,1955-03,-1.4211838022239862
651,1955-04,1.0601134528971903
652,1955-05,-0.14710855503785703
653,1955-06,0.03679702383070971
654,1955-07,-0.2738922079831747
655,1955-08,0.16769249292462435
656,1955-09,-0.25144924835416765
657,1955-10,-1.0683741733434544
658,1955-11,-0.5321509445549577
659,1955-12,2.9091266880492905
660,1956-01,1.645832021043581
661,1956-02,-9.160921167667837
662,1956-03,1.058274581881744
663,1956-04,-0.8383532797583799
664,1956-05,1.4334196157331331
665,1956-06,-1.7028136184776868
666,1956-07,0.15643275190663408
667,1956-08,-1.8556979450092506
668,1956-09,1.1990226018736796
669,1956-10,-1.3864435171509277
670,1956-11,-1.3810078488360547
671,1956-12,0.6942201231513359
672,1957-01,-1.279359053473181
673,1957-02,3.282816955870287
674,1957-03,2.724622895769097
675,1957-04,-0.30258518857678895
676,1957-05,-2.597596203654407
677,1957-06,0.43242106572158967
678,1957-07,-0.30738011610972393
679,1957-08,-1.252790040462998
680,1957-09,0.16718635558760797
681,1957-10,-0.8116354467371407
682,1957-11,0.8707601606261548
683,1957-12,-0.1500218606145371
684,1958-01,-0.05652532204756128
685,1958-02,2.87317961530146
686,1958-03,-2.5513764382699344
687,1958-04,-2.2861195870015414
688,1958-05,2.50316188329928
689,1958-06,-1.1209169634040048
690,1958-07,-0.5767788111858165
691,1958-08,0.8572802193522843
692,1958-09,1.9984447856651482
693,1958-10,-1.8422629024178148
694,1958-11,0.5919210106133708
695,1958-12,1.9151653907696748
696,1959-01,0.32776479276915316
697,1959-02,0.2922990170519878
698,1959-03,1.8696155510787702
699,1959-04,0.13496559072814662
700,1959-05,0.9275217594653471
701,1959-06,-0.0848822635371469
702,1959-07,1.7956393845162166
703,1959-08,-0.34164857332205445
704,1959-09,1.1732701992921295
705,1959-10,-0.3913073428583278
706,1959-11,-1.4383144892606567
707,1959-12,1.6895054398307494
708,1960-01,0.054952187177432055
709,1960-02,1.234868623972484
710,1960-03,0.8104183549930062
711,1960-04,0.261936699867268
712,1960-05,1.0200577005856086
713,1960-06,0.7491706596922696
714,1960-07,-2.1441455954256834
715,1960-08,-1.192370725208001
716,1960-09,-1.676041359776916
717,1960-10,-0.2807997136755298
718,1960-11,1.7005334495707731
719,1960-12,-0.07705172232493052
720,1961-01,0.8459597291237204
721,1961-02,2.76391117669473
722,1961-03,1.3805732881634112
723,1961-04,1.8596208974038406
724,1961-05,-1.3768007384989778
725,1961-06,0.596915145531038
726,1961-07,-1.7797358020068417
727,1961-08,-0.3545109066681072
728,1961-09,3.1695974052604603
729,1961-10,0.02702595384423989
730,1961-11,-0.38534272740891473
731,1961-12,1.083540186348851
732,1962-01,0.7943056960392492
733,1962-02,-1.693188960765222
734,1962-03,-3.519153689963877
735,1962-04,-0.5055988084328837
736,1962-05,-2.118627674773739
737,1962-06,-1.6842609975721219
738,1962-07,-1.6141529557362753
739,1962-08,1.4224740463900825
740,1962-09,-1.0169268900152006
741,1962-10,-0.32656836650657983
742,1962-11,-2.487662769785611
743,1962-12,-3.3472118173083336
744,1963-01,-4.881879946469582
745,1963-02,-3.9837555880895783
746,1963-03,-0.7225007389767715
747,1963-04,0.7599434263460036
748,1963-05,-1.399412116840324
749,1963-06,-1.2774990041974879
750,1963-07,0.3371652692624014
751,1963-08,-2.2550153594438824
752,1963-09,-0.1953845506071914
753,1963-10,-0.6391840192360478
754,1963-11,2.546221258944003
755,1963-12,-3.4050361303494876
756,1964-01,-1.9520312062265643
757,1964-02,1.6793900869480232
758,1964-03,-1.154724522165893
759,1964-04,0.5699552717674106
760,1964-05,0.7540217648007171
761,1964-06,0.291835005413379
762,1964-07,0.6361496973116807
763,1964-08,-0.6625693267621733
764,1964-09,0.19162835046243737
765,1964-10,-1.262936354591107
766,1964-11,0.9949616007457613
767,1964-12,-1.6437291435479846
768,1965-01,-0.10997310592081333
769,1965-02,-2.724315444488086
770,1965-03,-0.8759064050399961
771,1965-04,-1.2046895889170914
772,1965-05,-0.4364734300592774
773,1965-06,-0.3609566128258781
774,1965-07,-1.8939283124246729
775,1965-08,-1.2710374685874655
776,1965-09,-2.1564573240202645
777,1965-10,0.5763448903695589
778,1965-11,0.48566295951621363
779,1965-12,1.4282018943378285
780,1966-01,-1.0657626752765497
781,1966-02,3.738608248544036
782,1966-03,-1.6024197456070377
783,1966-04,1.3778899277447263
784,1966-05,0.06630754828069779
785,1966-06,0.7046320702475302
786,1966-07,-2.046448385623146
787,1966-08,-0.9141687644397416
788,1966-09,1.2766188319822986
789,1966-10,2.245817954826527
790,1966-11,-2.4293456008254157
791,1966-12,0.794444469094026
792,1967-01,-0.005357017252054619
793,1967-02,0.9565655338635037
794,1967-03,0.9924770535288079
795,1967-04,-1.3152060330182391
796,1967-05,-1.0709866467296394
797,1967-06,-1.1162493268929414
798,1967-07,1.2474571790480693
799,1967-08,-0.7070917172796094
800,1967-09,-0.7171621127096328
801,1967-10,2.154412567726049
802,1967-11,-0.22996695360776775
803,1967-12,-2.115322457714483
804,1968-01,-1.0363670301112904
805,1968-02,1.1299636104201056
806,1968-03,-0.10651044544841737
807,1968-04,0.6402278309390865
808,1968-05,-1.440638319956102
809,1968-06,-0.6097677303958822
810,1968-07,-0.8328237688818778
811,1968-08,-2.13668232351153
812,1968-09,-1.0587757880071862
813,1968-10,2.3075767312251694
814,1968-11,-0.3798561599809821
815,1968-12,-0.39827198368577027
816,1969-01,0.7297885198598555
817,1969-02,-2.128777420427301
818,1969-03,-0.08366143883486088
819,1969-04,-0.0717267405956381
820,1969-05,0.31370198536959126
821,1969-06,-2.9540600939219637
822,1969-07,0.851091477724776
823,1969-08,-0.6808374928347145
824,1969-09,0.4368622635097519
825,1969-10,0.5961142844272262
826,1969-11,0.5940672494860002
827,1969-12,-3.5538805168094005
828,1970-01,0.3403359345077126
829,1970-02,1.0552512839732031
830,1970-03,-2.8552296245988855
831,1970-04,-1.8426214551663032
832,1970-05,-0.5554858371951865
833,1970-06,1.0145014393273004
834,1970-07,-0.6050520771372847
835,1970-08,0.3772951340970878
836,1970-09,0.5356911924203238
837,1970-10,-0.9831730512826251
838,1970-11,1.6599172280810137
839,1970-12,-0.7201803578123307
840,1971-01,-1.9013076516924525
841,1971-02,0.40568555692486674
842,1971-03,-3.714035826413565
843,1971-04,2.7903833605082373
844,1971-05,0.6434228770661223
845,1971-06,-1.8259717190176328
846,1971-07,1.3751763109264907
847,1971-08,1.9020133169502933
848,1971-09,-1.11626822015049
849,1971-10,0.4636317216845116
850,1971-11,-0.8954434707689749
851,1971-12,-0.5282041230734986
852,1972-01,0.6040268293196989
853,1972-02,1.8283536859411886
854,1972-03,0.22179126096840512
855,1972-04,-0.5526074036143942
856,1972-05,-0.5031289193843829
857,1972-06,-1.8657327481720631
858,1972-07,-0.2431989522836624
859,1972-08,-0.46394761766126247
860,1972-09,-3.083901173264709
861,1972-10,-0.7131262903074185
862,1972-11,1.8582617107210468
863,1972-12,-0.8319647804834114
864,1973-01,-0.10714873582317153
865,1973-02,-0.5275312606326827
866,1973-03,-1.1170417610695762
867,1973-04,-1.9477433204546173
868,1973-05,1.1149944539649326
869,1973-06,0.16949294696617678
870,1973-07,-0.7012275987651746
871,1973-08,1.3554511838718823
872,1973-09,0.5584739297640688
873,1973-10,-1.3564119947515816
874,1973-11,-0.5511994446520829
875,1973-12,-0.4482388627975251
876,1974-01,2.697642358120393
877,1974-02,2.2762671498930067
878,1974-03,1.57323534487702
879,1974-04,-0.6065480246027058
880,1974-05,-1.0666261789164182
881,1974-06,-1.55322718622117
882,1974-07,-0.7198630717834613
883,1974-08,0.9197409939515138
884,1974-09,-0.8318165928768215
885,1974-10,-4.337235784919803
886,1974-11,1.4216669953590515
887,1974-12,2.095382441890363
888,1975-01,2.342237466093578
889,1975-02,-0.07339033495493685
890,1975-03,-0.9702601797140846
891,1975-04,-0.13476053433356516
892,1975-05,-0.3397001313557164
893,1975-06,-1.7547674624470886
894,1975-07,0.20158599278461597
895,1975-08,0.4931651844942744
896,1975-09,0.7672490128356473
897,1975-10,-1.837855400772552
898,1975-11,1.5595665074668157
899,1975-12,-0.7048460692798452
900,1976-01,0.2894466434132691
901,1976-02,-0.1549448877792714
902,1976-03,-0.9589729665104325
903,1976-04,-0.19717894495818888
904,1976-05,1.25849303690349
905,1976-06,2.1642233269951427
906,1976-07,0.8034531691375031
907,1976-08,-1.5323913525092756
908,1976-09,-1.9614456431422826
909,1976-10,1.0745193905802082
910,1976-11,0.39962323328609517
911,1976-12,-1.1828478995770055
912,1977-01,1.0723149847879108
913,1977-02,3.4422506494450666
914,1977-03,1.2644253444925853
915,1977-04,-1.4673421505751152
916,1977-05,-1.3573509704770235
917,1977-06,-1.462291280482644
918,1977-07,-0.767952171404267
919,1977-08,-1.4288133079160346
920,1977-09,-1.0988905641519355
921,1977-10,1.2442530471500404
922,1977-11,0.2867820771501591
923,1977-12,0.5262781675857207
924,1978-01,0.23960032132891357
925,1978-02,-0.04339021353549355
926,1978-03,0.22418806095933413
927,1978-04,-1.402340582820733
928,1978-05,-1.1971327703737817
929,1978-06,-1.1516432921398996
930,1978-07,-1.3150831152859033
931,1978-08,-1.5667650820367178
932,1978-09,-0.32794262299759747
933,1978-10,-1.0633062135264992
934,1978-11,-0.9936397391836598
935,1978-12,1.8050640101447937
936,1979-01,-1.9588643698668176
937,1979-02,2.4034638981848118
938,1979-03,0.6343381314871623
939,1979-04,-1.7958462339315961
940,1979-05,-0.477140662646931
941,1979-06,0.4126154349806288
942,1979-07,-0.20903346258889055
943,1979-08,-1.4152993554485107
944,1979-09,0.5411769199284251
945,1979-10,0.7949795442208618
946,1979-11,-0.49451126583657223
947,1979-12,1.8212082829291496
948,1980-01,-0.41336184641896406
949,1980-02,2.4712977973784884
950,1980-03,-0.3078450927432745
951,1980-04,-1.8382323144601291
952,1980-05,-1.5066875927005974
953,1980-06,-1.914789768391106
954,1980-07,-2.5212021884189726
955,1980-08,1.1476119317793851
956,1980-09,0.5650343125727002
957,1980-10,-1.3790111242022731
958,1980-11,-0.7394704903781903
959,1980-12,-1.7015428285801266
960,1981-01,-1.1336665099517158
961,1981-02,-1.7037875936506426
962,1981-03,3.0856345425091503
963,1981-04,1.0597205174737576
964,1981-05,-0.9752782702364058
965,1981-06,-0.4632068419867732
966,1981-07,-1.6485083980312458
967,1981-08,0.6487336048038603
968,1981-09,0.2943176230372677
969,1981-10,0.25976840598769746
970,1981-11,-0.49357358524751094
971,1981-12,0.356785461500827
972,1982-01,2.4035950515379154
973,1982-02,0.08134084755749726
974,1982-03,-0.5323598519041914
975,1982-04,-0.03648641027647992
976,1982-05,0.023647427912021346
977,1982-06,0.2603175521480572
978,1982-07,1.080682102254739
979,1982-08,-0.70324063105019
980,1982-09,1.0730935936484742
981,1982-10,-0.2921456706311738
982,1982-11,1.1163253200999261
983,1982-12,1.6887928186907923
984,1983-01,0.9090823382255098
985,1983-02,-2.054577526619044
986,1983-03,0.7711708230472241
987,1983-04,-0.26697726464867366
988,1983-05,-2.4620930339158296
989,1983-06,1.0005819224468588
990,1983-07,3.4259447981902555
991,1983-08,0.032611021425534514
992,1983-09,0.5638330865795473
993,1983-10,0.26458208359622454
994,1983-11,-0.2085608325624212
995,1983-12,0.19003555377587794
996,1984-01,0.8110325012655011
997,1984-02,-0.941738892444987
998,1984-03,-2.0128427462277743
999,1984-04,-0.5662960385720108
1000,1984-05,-3.0836483895610503
1001,1984-06,-0.5079031822492697
1002,1984-07,0.5113245932392512
1003,1984-08,-0.21535789930199134
1004,1984-09,-1.196660145145156
1005,1984-10,0.8246626988151433
1006,1984-11,1.31182877673818
1007,1984-12,0.6252144579109173
1008,1985-01,-4.543097334985352
1009,1985-02,-1.1747163211033316
1010,1985-03,-1.8728109381303026
1011,1985-04,0.7043220388210871
1012,1985-05,-1.0452097532314908
1013,1985-06,-1.5005430663766148
1014,1985-07,1.4039001508815345
1015,1985-08,-0.20703306737693383
1016,1985-09,1.3754552720229951
1017,1985-10,1.0073533696425157
1018,1985-11,-2.2077021909756804
1019,1985-12,1.134357020303152
1020,1986-01,0.6619395201916736
1021,1986-02,-3.8739879657929865
1022,1986-03,-0.25507113842688023
1023,1986-04,-1.6674447184092316
1024,1986-05,2.358972387184517
1025,1986-06,-0.271658975418299
1026,1986-07,0.7487106918363762
1027,1986-08,-0.2546246814420701
1028,1986-09,0.4979480197518449
1029,1986-10,1.9229552789943967
1030,1986-11,-0.5167666738425474
1031,1986-12,0.4966208255440856
1032,1987-01,-2.7405203783171483
1033,1987-02,0.7198572668454415
1034,1987-03,-1.76937059564877
1035,1987-04,1.1314007312796652
1036,1987-05,-2.588435924133566
1037,1987-06,-1.2050106382633876
1038,1987-07,0.4985090202207547
1039,1987-08,0.43701209922531636
1040,1987-09,2.5521106296343206
1041,1987-10,1.0902002108859652
1042,1987-11,0.9033946418192784
1043,1987-12,1.184672573762123
1044,1988-01,3.0921346011005744
1045,1988-02,-0.04413618217032349
1046,1988-03,-0.7308870839740139
1047,1988-04,0.12488469663891077
1048,1988-05,0.38626743328246027
1049,1988-06,-0.603690167153955
1050,1988-07,-0.5241186812479834
1051,1988-08,1.0251832796663618
1052,1988-09,-0.47689420822102263
1053,1988-10,1.3809831009308895
1054,1988-11,-0.7647793821944997
1055,1988-12,0.7795217218320707
1056,1989-01,0.32481059525109374
1057,1989-02,0.7962770333987791
1058,1989-03,2.0122685332527817
1059,1989-04,-1.6672288599781253
1060,1989-05,1.6084935729522016
1061,1989-06,-0.3999210414616366
1062,1989-07,1.36914099126009
1063,1989-08,0.7390512447445755
1064,1989-09,0.12442831768643295
1065,1989-10,0.6780589668081894
1066,1989-11,-1.3353982859919287
1067,1989-12,1.8464608232263637
1068,1990-01,-0.02412196282406428
1069,1990-02,4.288579753095411
1070,1990-03,0.9401490151342486
1071,1990-04,-1.8249006933130572
1072,1990-05,1.8777658776673656
1073,1990-06,-1.2446483653701057
1074,1990-07,0.05090658357778899
1075,1990-08,1.2398020942296484
1076,1990-09,-0.4366021930674849
1077,1990-10,1.193233936303477
1078,1990-11,-0.08019554520432763
1079,1990-12,-1.2020496286318463
1080,1991-01,1.0092306726616838
1081,1991-02,-2.362801344329606
1082,1991-03,1.9813696997177903
1083,1991-04,-1.6746376853290463
1084,1991-05,-2.3076837284855785
1085,1991-06,-0.8628172278060682
1086,1991-07,1.71420101366549
1087,1991-08,2.1419814613872497
1088,1991-09,1.4888146176642396
1089,1991-10,-1.078502203040265
1090,1991-11,0.10921596689088836
1091,1991-12,-1.1925767525536655
1092,1992-01,-0.7641481932496599
1093,1992-02,0.40813246244707596
1094,1992-03,0.6788819780688311
1095,1992-04,0.3235549508580743
1096,1992-05,1.2903095569431797
1097,1992-06,-1.4259676471772678
1098,1992-07,0.44229291042706825
1099,1992-08,2.748933169993206
1100,1992-09,-0.4602517983342204
1101,1992-10,-1.4017291322003576
1102,1992-11,1.7188002850881345
1103,1992-12,-0.058306911484743706
1104,1993-01,1.4826922799891602
1105,1993-02,-2.1103691928123856
1106,1993-03,-0.42963521869110405
1107,1993-04,0.7352730441402264
1108,1993-05,0.6291680782103194
1109,1993-06,-0.1401462087496645
1110,1993-07,-1.3893065633771704
1111,1993-08,1.0556762950933773
1112,1993-09,-1.9867433467139377
1113,1993-10,-1.3035877454642366
1114,1993-11,-1.2830756239109449
1115,1993-12,2.363447556191102
1116,1994-01,1.6074603915757157
1117,1994-02,0.9489335914032911
1118,1994-03,3.468460935978068
1119,1994-04,-2.3622015017964912
1120,1994-05,0.6827324104274273
1121,1994-06,-0.04407617872582725
1122,1994-07,2.605129314976612
1123,1994-08,1.1762723375206294
1124,1994-09,-1.2234091572861212
1125,1994-10,0.45000449383932684
1126,1994-11,2.726916684662025
1127,1994-12,1.5244973038102658
1128,1995-01,-0.5397166525709909
1129,1995-02,2.935832300725591
1130,1995-03,-1.8169745716745813
1131,1995-04,-0.053635131206097364
1132,1995-05,-0.7310800243205319
1133,1995-06,-1.6093704020107282
1134,1995-07,1.9760278225318146
1135,1995-08,-0.05404252108668334
1136,1995-09,-2.7712699701827397
1137,1995-10,3.183912175407572
1138,1995-11,-0.5398316240906851
1139,1995-12,-0.6542244611940172
1140,1996-01,0.8906988074464612
1141,1996-02,-1.2482568617695733
1142,1996-03,-1.9273240006445538
1143,1996-04,0.45407955419490703
1144,1996-05,-0.38478117992465166
1145,1996-06,-0.021668819645364268
1146,1996-07,-1.1970690335308851
1147,1996-08,-0.8497964065074762
1148,1996-09,-3.3326164827933944
1149,1996-10,0.8072604685177027
1150,1996-11,-0.01706012728803137
1151,1996-12,-0.6965343483672286
1152,1997-01,-0.5432691826723102
1153,1997-02,2.409589130770384
1154,1997-03,1.057739519752989
1155,1997-04,-0.35346119300285006
1156,1997-05,-0.03308277367947082
1157,1997-06,-1.0436477396555768
1158,1997-07,-1.5712382381278216
1159,1997-08,1.6497348712130786
1160,1997-09,0.8265339808368158
1161,1997-10,-0.33489614642578996
1162,1997-11,0.057861272110211526
1163,1997-12,1.0937445845561384
1164,1998-01,1.1273890428065316
1165,1998-02,0.7646174329967257
1166,1998-03,0.7110403408931268
1167,1998-04,-1.1450020475169842
1168,1998-05,1.5272848741712366
1169,1998-06,0.2301673687896168
1170,1998-07,0.4661621220583392
1171,1998-08,0.5308132854552841
1172,1998-09,-1.1344699014692947
1173,1998-10,0.1447172613289721
1174,1998-11,-2.4186059274221994
1175,1998-12,-0.9615892651423572
1176,1999-01,0.9290378935526182
1177,1999-02,-0.9584885674338848
1178,1999-03,0.6903838859888524
1179,1999-04,-0.4613860750366575
1180,1999-05,2.5994560668871896
1181,1999-06,-1.6887650071004547
1182,1999-07,0.9297074402970045
1183,1999-08,0.55708877624216
1184,1999-09,1.823564242662234
1185,1999-10,0.07505695732456585
1186,1999-11,-1.6164243498419566
1187,1999-12,0.6797580062682838
1188,2000-01,-0.3755615776415637
1189,2000-02,1.9545877617782352
1190,2000-03,0.15152581401427812
1191,2000-04,0.6705992493670436
1192,2000-05,1.7254953093038972
1193,2000-06,1.2565454706573012
1194,2000-07,-2.107469602096092
1195,2000-08,1.220583877029277
1196,2000-09,0.6522578291546185
1197,2000-10,0.8639821763862329
1198,2000-11,0.7332456038326629
1199,2000-12,2.295128152228203
1200,2001-01,0.7423319194352254
1201,2001-02,1.0724335232316722
1202,2001-03,1.9882562924735219
1203,2001-04,-2.635933041214229
1204,2001-05,1.7794238900795913
1205,2001-06,-1.3212825524691454
1206,2001-07,-0.6086360031824605
1207,2001-08,0.5166771807783794
1208,2001-09,-3.379057800289989
1209,2001-10,3.0225398145471463
1210,2001-11,-2.1779211911346312
1211,2001-12,-1.280939161256477
1212,2002-01,-0.5951984042644982
1213,2002-02,3.6904214607146426
1214,2002-03,0.10649183495278236
1215,2002-04,-0.5662060990837015
1216,2002-05,-0.9525337108160835
1217,2002-06,1.993971468683251
1218,2002-07,-1.2026793557186752
1219,2002-08,-0.9899532198191393
1220,2002-09,-1.618235347490887
1221,2002-10,0.6492860024077534
1222,2002-11,1.6907377683488756
1223,2002-12,1.9661704360592571
1224,2003-01,-0.8034450431318889
1225,2003-02,-2.8915180612019133
1226,2003-03,1.5466268746461544
1227,2003-04,0.5328409535708459
1228,2003-05,0.8218204160158451
1229,2003-06,5.3691165606070745
1230,2003-07,1.082092089067353
1231,2003-08,3.185463536588421
1232,2003-09,-1.488618711254548
1233,2003-10,-2.5512278337807164
1234,2003-11,-0.4030743489075961
1235,2003-12,0.31041563558389523
1236,2004-01,0.3903975582222692
1237,2004-02,-0.39904289169842233
1238,2004-03,-1.0728332752633942
1239,2004-04,-0.07801415122188593
1240,2004-05,-0.9679838212323253
1241,2004-06,0.8196043534784985
1242,2004-07,-0.9226886719310929
1243,2004-08,0.42484636975592427
1244,2004-09,0.22265332585251646
1245,2004-10,1.8678534969723828
1246,2004-11,-0.6878794746425392
1247,2004-12,-0.28066065672852547
1248,2005-01,-1.088887646233149
1249,2005-02,-2.3231276594363326
1250,2005-03,0.4152550812561365
1251,2005-04,0.025626815165964323
1252,2005-05,0.7941893027602995
1253,2005-06,1.8041365383506651
1254,2005-07,-0.08119130118775564
1255,2005-08,-1.1915910237779912
1256,2005-09,0.5581521982320183
1257,2005-10,0.4372041846537866
1258,2005-11,-1.5785627068741779
1259,2005-12,-2.635613076629871
1260,2006-01,-1.096615850075905
1261,2006-02,-1.4465413310345534
1262,2006-03,-1.3423222884372417
1263,2006-04,0.4141591826587212
1264,2006-05,-0.10113645976582575
1265,2006-06,1.254043573654763
1266,2006-07,3.25116979691147
1267,2006-08,-3.566505506577024
1268,2006-09,2.1188272451051966
1269,2006-10,2.4469473681533733
1270,2006-11,0.7705649469862155
1271,2006-12,-0.15036024023996153
1272,2007-01,2.4037934120843056
1273,2007-02,1.724742012329476
1274,2007-03,-0.5710612073295174
1275,2007-04,3.9756109097677026
1276,2007-05,-0.4336789790265705
1277,2007-06,-0.13282522892595394
1278,2007-07,-1.7749087609573446
1279,2007-08,-1.0109068458865893
1280,2007-09,-1.4932899147537
1281,2007-10,-0.19436394430419768
1282,2007-11,-2.15838124354425
1283,2007-12,-0.43581205536412215
1284,2008-01,1.874507761267237
1285,2008-02,0.3200993722113181
1286,2008-03,-0.8627637195072613
1287,2008-04,-1.1265736794597565
1288,2008-05,1.2682317543966286
1289,2008-06,-0.006575004948301766
1290,2008-07,-0.6988926145097554
1291,2008-08,-0.34589528168955375
1292,2008-09,-2.02809394453195
1293,2008-10,0.26455389889135333
1294,2008-11,0.14559062296650307
1295,2008-12,-1.4271489062775586
1296,2009-01,-2.135074911472624
1297,2009-02,-0.7494568608270757
1298,2009-03,0.013551201737657448
1299,2009-04,2.132362770751094
1300,2009-05,2.1625487581712823
1301,2009-06,-0.6124286054299193
1302,2009-07,-0.06311322156442667
1303,2009-08,1.7526824434593746
1304,2009-09,-0.06052342397852084
1305,2009-10,-0.7348434339359758
1306,2009-11,1.843752266331792
1307,2009-12,-1.1449029786243015
1308,2010-01,-2.415235495275076
1309,2010-02,-0.5480631011741097
1310,2010-03,-0.8501521349063317
1311,2010-04,0.9156502319708422
1312,2010-05,-1.536895743384607
1313,2010-06,-0.45177978604376745
1314,2010-07,1.9184094444362298
1315,2010-08,-1.036828999046544
1316,2010-09,-1.8779133229468028
1317,2010-10,-0.5236099195497976
1318,2010-11,0.523386205538406
1319,2010-12,-2.8844330696329776
1320,2011-01,1.287943671495324
1321,2011-02,0.15732911709139147
1322,2011-03,0.5259361303751582
1323,2011-04,3.0298268219526108
1324,2011-05,1.2446390045748272
1325,2011-06,-1.0207639526426038
1326,2011-07,-2.353910171500561
1327,2011-08,1.1677905117271676
1328,2011-09,0.8867036209425405
1329,2011-10,-0.14478286181309924
1330,2011-11,0.29340990863516603
1331,2011-12,1.1224410153427242
1332,2012-01,0.845815799190249
1333,2012-02,-5.530366017360807
1334,2012-03,2.9634669922395314
1335,2012-04,-0.06643354384852684
1336,2012-05,0.2614952454056437
1337,2012-06,0.7929451996587377
1338,2012-07,-0.5336173996002682
1339,2012-08,0.8563552193290445
1340,2012-09,-0.5965629753787522
1341,2012-10,0.25331421406699217
1342,2012-11,0.6126251999382135
1343,2012-12,0.09994632029047894
1344,2013-01,-0.8085618486893067
1345,2013-02,-2.7386162667502094
1346,2013-03,-1.5708720081900986
1347,2013-04,0.3547710125016209
1348,2013-05,-2.9401917491588807
1349,2013-06,-0.4508596782975689
1350,2013-07,1.3739852036749385
1351,2013-08,0.47655740839497984
1352,2013-09,-0.20658826449841425
1353,2013-10,1.7340205045438184
1354,2013-11,-0.25210662170552695
1355,2013-12,-1.4425386915617975
1356,2014-01,2.4737565441347327
1357,2014-02,1.6583852138496302
1358,2014-03,0.6735034296128801
1359,2014-04,1.3745178778641645
1360,2014-05,-1.1261597696998848
1361,2014-06,0.7666691855888959
1362,2014-07,-1.9806451124929794
1363,2014-08,-1.1931193155639273
1364,2014-09,0.6550108781475352
1365,2014-10,2.8289882173380443
1366,2014-11,1.5087344451634555
1367,2014-12,0.6536601667156645
1368,2015-01,0.5897864926657211
1369,2015-02,-1.7951525618761934
1370,2015-03,0.8591538261996813
1371,2015-04,1.017089937008451
1372,2015-05,0.22393700228407254
1373,2015-06,1.4298478142743827
1374,2015-07,3.6045024464659243
1375,2015-08,0.0639909896362072
1376,2015-09,-1.8303690029170785
1377,2015-10,-0.8195760118454515
1378,2015-11,0.823580274488223
1379,2015-12,0.7400832922681486
1380,2016-01,1.8403913564101642
1381,2016-02,1.1341745876133669
1382,2016-03,-1.3159492553677126
1383,2016-04,-0.47932104403407366
1384,2016-05,-1.4326070408064522
1385,2016-06,-0.3935459893023304
1386,2016-07,0.22886109240755026
1387,2016-08,0.6310587694028076
1388,2016-09,2.051571764554392
1389,2016-10,-1.9582023307222716
1390,2016-11,0.06804563526123797
1391,2016-12,-1.737059286224016
1392,2017-01,-2.8736180573507673
1393,2017-02,2.197075383054427
1394,2017-03,1.8910455884625565
1395,2017-04,-0.5458811960925272
1396,2017-05,0.29675449792662095
1397,2017-06,2.517001228652851
1398,2017-07,0.107228731401803
1399,2017-08,1.180013772155153
1400,2017-09,-2.544122977321674
1401,2017-10,0.6106311853094357
1402,2017-11,-0.5379102556430835
1403,2017-12,-0.6531910488824815
1404,2018-01,3.7663518500028697
1405,2018-02,-2.534169287694768
1406,2018-03,-1.4200315554435596
1407,2018-04,3.0730446890899383
1408,2018-05,0.49989526766647097
1409,2018-06,0.5220919745998069
1410,2018-07,1.5278213039186506
1411,2018-08,1.6778206850570054
1412,2018-09,0.6148096055294738
1413,2018-10,0.7727360746063014
1414,2018-11,0.24404852919158126
1415,2018-12,1.0117819443045115
1416,2019-01,-0.536501894211096
1417,2019-02,0.2682532957559778
1418,2019-03,0.8867563471246318
1419,2019-04,-0.31911454069177186
1420,2019-05,-2.905686054581706
1421,2019-06,1.7153597072140903
1422,2019-07,1.972770176522887
1423,2019-08,-0.1964414791849045
1424,2019-09,0.5487964670096845
1425,2019-10,1.6981533151439634
1426,2019-11,-1.011219708829966
1427,2019-12,1.6505471469458013
1428,2020-01,0.5325012451828033
1429,2020-02,2.9395551797277175
1430,2020-03,-0.12604645597378727
1431,2020-04,1.9148738331365642
1432,2020-05,-0.21857220800730204
1433,2020-06,-0.7858975090933462
1434,2020-07,1.0230571996810731
1435,2020-08,0.7062135875547497
1436,2020-09,0.48005018576427716
1437,2020-10,-1.948304753087332
1438,2020-11,0.3917794309397893
1439,2020-12,0.44378233711902926
1440,2021-01,-0.6533689959729043
1441,2021-02,2.0069190551919194
1442,2021-03,-0.8023433902412711
1443,2021-04,-1.7361496066703563
1444,2021-05,-2.4511025276850553
1445,2021-06,1.5691669805032644
1446,2021-07,-1.7856710877645434
1447,2021-08,-3.9245939243638364
